fold,split,delta,rank,roi_i,roi_j,delta_value,abs_delta_value,direction
fold_01,train,delta_A_21,1,22,65,0.1047646775841713,0.1047646775841713,increase
fold_01,train,delta_A_21,2,20,169,-0.09844239056110382,0.09844239056110382,decrease
fold_01,train,delta_A_21,3,71,108,-0.0980629175901413,0.0980629175901413,decrease
fold_01,train,delta_A_21,4,8,84,-0.09755925834178925,0.09755925834178925,decrease
fold_01,train,delta_A_21,5,26,55,-0.09393715858459473,0.09393715858459473,decrease
fold_01,train,delta_A_21,6,15,178,0.09306717664003372,0.09306717664003372,increase
fold_01,train,delta_A_21,7,78,129,0.0926922932267189,0.0926922932267189,increase
fold_01,train,delta_A_21,8,19,151,0.09230221807956696,0.09230221807956696,increase
fold_01,train,delta_A_21,9,10,178,0.08955083787441254,0.08955083787441254,increase
fold_01,train,delta_A_21,10,75,115,0.08947829902172089,0.08947829902172089,increase
fold_01,train,delta_A_31,1,10,113,0.15651193261146545,0.15651193261146545,increase
fold_01,train,delta_A_31,2,71,134,0.14437632262706757,0.14437632262706757,increase
fold_01,train,delta_A_31,3,20,49,0.14429971575737,0.14429971575737,increase
fold_01,train,delta_A_31,4,112,145,0.14350828528404236,0.14350828528404236,increase
fold_01,train,delta_A_31,5,10,107,0.14170603454113007,0.14170603454113007,increase
fold_01,train,delta_A_31,6,112,142,0.13950090110301971,0.13950090110301971,increase
fold_01,train,delta_A_31,7,10,108,0.137806698679924,0.137806698679924,increase
fold_01,train,delta_A_31,8,93,111,-0.1372312307357788,0.1372312307357788,decrease
fold_01,train,delta_A_31,9,15,178,0.13566213846206665,0.13566213846206665,increase
fold_01,train,delta_A_31,10,78,130,0.1341542899608612,0.1341542899608612,increase
fold_01,train,delta_A_32,1,112,142,0.11839649826288223,0.11839649826288223,increase
fold_01,train,delta_A_32,2,91,135,-0.11586886644363403,0.11586886644363403,decrease
fold_01,train,delta_A_32,3,35,168,0.11451413482427597,0.11451413482427597,increase
fold_01,train,delta_A_32,4,36,72,0.11064451932907104,0.11064451932907104,increase
fold_01,train,delta_A_32,5,112,145,0.1106071025133133,0.1106071025133133,increase
fold_01,train,delta_A_32,6,78,112,0.11021865904331207,0.11021865904331207,increase
fold_01,train,delta_A_32,7,36,78,0.10883110761642456,0.10883110761642456,increase
fold_01,train,delta_A_32,8,112,154,0.10832531005144119,0.10832531005144119,increase
fold_01,train,delta_A_32,9,71,134,0.10784203559160233,0.10784203559160233,increase
fold_01,train,delta_A_32,10,11,40,0.10747170448303223,0.10747170448303223,increase
fold_01,val,delta_A_21,1,54,118,-0.2762470245361328,0.2762470245361328,decrease
fold_01,val,delta_A_21,2,41,118,-0.2617383301258087,0.2617383301258087,decrease
fold_01,val,delta_A_21,3,125,166,-0.25698933005332947,0.25698933005332947,decrease
fold_01,val,delta_A_21,4,56,118,-0.2552301287651062,0.2552301287651062,decrease
fold_01,val,delta_A_21,5,89,171,0.25432807207107544,0.25432807207107544,increase
fold_01,val,delta_A_21,6,106,120,-0.2536592483520508,0.2536592483520508,decrease
fold_01,val,delta_A_21,7,36,125,-0.2527419924736023,0.2527419924736023,decrease
fold_01,val,delta_A_21,8,36,118,-0.25061124563217163,0.25061124563217163,decrease
fold_01,val,delta_A_21,9,106,125,-0.25044018030166626,0.25044018030166626,decrease
fold_01,val,delta_A_21,10,56,119,-0.24959507584571838,0.24959507584571838,decrease
fold_01,val,delta_A_31,1,117,133,0.4691932201385498,0.4691932201385498,increase
fold_01,val,delta_A_31,2,117,134,0.40886634588241577,0.40886634588241577,increase
fold_01,val,delta_A_31,3,80,171,-0.37093234062194824,0.37093234062194824,decrease
fold_01,val,delta_A_31,4,117,130,0.3672982454299927,0.3672982454299927,increase
fold_01,val,delta_A_31,5,106,171,-0.3638070225715637,0.3638070225715637,decrease
fold_01,val,delta_A_31,6,73,133,-0.3549432158470154,0.3549432158470154,decrease
fold_01,val,delta_A_31,7,108,171,-0.3323519825935364,0.3323519825935364,decrease
fold_01,val,delta_A_31,8,106,133,-0.32927989959716797,0.32927989959716797,decrease
fold_01,val,delta_A_31,9,108,134,-0.3247555196285248,0.3247555196285248,decrease
fold_01,val,delta_A_31,10,107,171,-0.31786057353019714,0.31786057353019714,decrease
fold_01,val,delta_A_32,1,75,133,-0.45758917927742004,0.45758917927742004,decrease
fold_01,val,delta_A_32,2,74,133,-0.430099755525589,0.430099755525589,decrease
fold_01,val,delta_A_32,3,121,133,0.4204849600791931,0.4204849600791931,increase
fold_01,val,delta_A_32,4,73,133,-0.4051132798194885,0.4051132798194885,decrease
fold_01,val,delta_A_32,5,106,171,-0.4022829532623291,0.4022829532623291,decrease
fold_01,val,delta_A_32,6,133,176,-0.38070958852767944,0.38070958852767944,decrease
fold_01,val,delta_A_32,7,129,133,-0.3651072680950165,0.3651072680950165,decrease
fold_01,val,delta_A_32,8,117,133,0.36105382442474365,0.36105382442474365,increase
fold_01,val,delta_A_32,9,133,171,0.36091434955596924,0.36091434955596924,increase
fold_01,val,delta_A_32,10,133,163,-0.35476863384246826,0.35476863384246826,decrease
fold_01,test,delta_A_21,1,43,47,-0.19904060661792755,0.19904060661792755,decrease
fold_01,test,delta_A_21,2,110,161,-0.19457793235778809,0.19457793235778809,decrease
fold_01,test,delta_A_21,3,16,43,-0.18869930505752563,0.18869930505752563,decrease
fold_01,test,delta_A_21,4,15,59,-0.18758870661258698,0.18758870661258698,decrease
fold_01,test,delta_A_21,5,15,43,-0.18672846257686615,0.18672846257686615,decrease
fold_01,test,delta_A_21,6,14,110,-0.18656326830387115,0.18656326830387115,decrease
fold_01,test,delta_A_21,7,43,157,-0.18624606728553772,0.18624606728553772,decrease
fold_01,test,delta_A_21,8,20,43,-0.18581955134868622,0.18581955134868622,decrease
fold_01,test,delta_A_21,9,31,110,-0.1832887977361679,0.1832887977361679,decrease
fold_01,test,delta_A_21,10,25,88,0.18315845727920532,0.18315845727920532,increase
fold_01,test,delta_A_31,1,42,53,0.24016425013542175,0.24016425013542175,increase
fold_01,test,delta_A_31,2,112,126,0.22396698594093323,0.22396698594093323,increase
fold_01,test,delta_A_31,3,11,88,0.22395288944244385,0.22395288944244385,increase
fold_01,test,delta_A_31,4,80,88,0.2148640751838684,0.2148640751838684,increase
fold_01,test,delta_A_31,5,40,42,0.21392741799354553,0.21392741799354553,increase
fold_01,test,delta_A_31,6,88,164,0.21318146586418152,0.21318146586418152,increase
fold_01,test,delta_A_31,7,23,135,0.21205700933933258,0.21205700933933258,increase
fold_01,test,delta_A_31,8,123,135,0.21164537966251373,0.21164537966251373,increase
fold_01,test,delta_A_31,9,47,114,0.20994862914085388,0.20994862914085388,increase
fold_01,test,delta_A_31,10,25,88,0.20921853184700012,0.20921853184700012,increase
fold_01,test,delta_A_32,1,40,125,0.2226836383342743,0.2226836383342743,increase
fold_01,test,delta_A_32,2,54,110,0.21256357431411743,0.21256357431411743,increase
fold_01,test,delta_A_32,3,53,154,0.21144306659698486,0.21144306659698486,increase
fold_01,test,delta_A_32,4,40,154,0.20831690728664398,0.20831690728664398,increase
fold_01,test,delta_A_32,5,53,125,0.2081013172864914,0.2081013172864914,increase
fold_01,test,delta_A_32,6,54,62,0.20562009513378143,0.20562009513378143,increase
fold_01,test,delta_A_32,7,51,125,0.20543941855430603,0.20543941855430603,increase
fold_01,test,delta_A_32,8,40,159,0.2048596739768982,0.2048596739768982,increase
fold_01,test,delta_A_32,9,51,154,0.2042204737663269,0.2042204737663269,increase
fold_01,test,delta_A_32,10,40,126,0.20413780212402344,0.20413780212402344,increase
fold_04,train,delta_A_21,1,71,108,-0.1107979565858841,0.1107979565858841,decrease
fold_04,train,delta_A_21,2,88,102,-0.10077515244483948,0.10077515244483948,decrease
fold_04,train,delta_A_21,3,20,169,-0.09849276393651962,0.09849276393651962,decrease
fold_04,train,delta_A_21,4,19,151,0.0917394608259201,0.0917394608259201,increase
fold_04,train,delta_A_21,5,76,102,-0.09030027687549591,0.09030027687549591,decrease
fold_04,train,delta_A_21,6,77,97,-0.08891747891902924,0.08891747891902924,decrease
fold_04,train,delta_A_21,7,43,158,-0.08828908205032349,0.08828908205032349,decrease
fold_04,train,delta_A_21,8,67,77,-0.0859963521361351,0.0859963521361351,decrease
fold_04,train,delta_A_21,9,21,151,0.08597035706043243,0.08597035706043243,increase
fold_04,train,delta_A_21,10,30,74,-0.08558787405490875,0.08558787405490875,decrease
fold_04,train,delta_A_31,1,10,113,0.15668264031410217,0.15668264031410217,increase
fold_04,train,delta_A_31,2,112,142,0.15095385909080505,0.15095385909080505,increase
fold_04,train,delta_A_31,3,112,145,0.14803960919380188,0.14803960919380188,increase
fold_04,train,delta_A_31,4,10,107,0.14314578473567963,0.14314578473567963,increase
fold_04,train,delta_A_31,5,20,49,0.14117176830768585,0.14117176830768585,increase
fold_04,train,delta_A_31,6,19,49,0.13862645626068115,0.13862645626068115,increase
fold_04,train,delta_A_31,7,91,111,-0.1382313221693039,0.1382313221693039,decrease
fold_04,train,delta_A_31,8,10,114,0.13430321216583252,0.13430321216583252,increase
fold_04,train,delta_A_31,9,10,108,0.1311132311820984,0.1311132311820984,increase
fold_04,train,delta_A_31,10,113,145,0.12545034289360046,0.12545034289360046,increase
fold_04,train,delta_A_32,1,112,142,0.132709801197052,0.132709801197052,increase
fold_04,train,delta_A_32,2,71,89,0.12107411026954651,0.12107411026954651,increase
fold_04,train,delta_A_32,3,112,145,0.11998401582241058,0.11998401582241058,increase
fold_04,train,delta_A_32,4,112,154,0.11591670662164688,0.11591670662164688,increase
fold_04,train,delta_A_32,5,16,112,0.11517119407653809,0.11517119407653809,increase
fold_04,train,delta_A_32,6,36,72,0.11465929448604584,0.11465929448604584,increase
fold_04,train,delta_A_32,7,35,168,0.11363977193832397,0.11363977193832397,increase
fold_04,train,delta_A_32,8,91,135,-0.11351117491722107,0.11351117491722107,decrease
fold_04,train,delta_A_32,9,39,110,0.11177611351013184,0.11177611351013184,increase
fold_04,train,delta_A_32,10,7,110,0.11131888628005981,0.11131888628005981,increase
fold_04,val,delta_A_21,1,54,118,-0.2762470245361328,0.2762470245361328,decrease
fold_04,val,delta_A_21,2,41,118,-0.2617383301258087,0.2617383301258087,decrease
fold_04,val,delta_A_21,3,125,166,-0.25698933005332947,0.25698933005332947,decrease
fold_04,val,delta_A_21,4,56,118,-0.2552301287651062,0.2552301287651062,decrease
fold_04,val,delta_A_21,5,89,171,0.25432807207107544,0.25432807207107544,increase
fold_04,val,delta_A_21,6,106,120,-0.2536592483520508,0.2536592483520508,decrease
fold_04,val,delta_A_21,7,36,125,-0.2527419924736023,0.2527419924736023,decrease
fold_04,val,delta_A_21,8,36,118,-0.25061124563217163,0.25061124563217163,decrease
fold_04,val,delta_A_21,9,106,125,-0.25044018030166626,0.25044018030166626,decrease
fold_04,val,delta_A_21,10,56,119,-0.24959507584571838,0.24959507584571838,decrease
fold_04,val,delta_A_31,1,117,133,0.4691932201385498,0.4691932201385498,increase
fold_04,val,delta_A_31,2,117,134,0.40886634588241577,0.40886634588241577,increase
fold_04,val,delta_A_31,3,80,171,-0.37093234062194824,0.37093234062194824,decrease
fold_04,val,delta_A_31,4,117,130,0.3672982454299927,0.3672982454299927,increase
fold_04,val,delta_A_31,5,106,171,-0.3638070225715637,0.3638070225715637,decrease
fold_04,val,delta_A_31,6,73,133,-0.3549432158470154,0.3549432158470154,decrease
fold_04,val,delta_A_31,7,108,171,-0.3323519825935364,0.3323519825935364,decrease
fold_04,val,delta_A_31,8,106,133,-0.32927989959716797,0.32927989959716797,decrease
fold_04,val,delta_A_31,9,108,134,-0.3247555196285248,0.3247555196285248,decrease
fold_04,val,delta_A_31,10,107,171,-0.31786057353019714,0.31786057353019714,decrease
fold_04,val,delta_A_32,1,75,133,-0.45758917927742004,0.45758917927742004,decrease
fold_04,val,delta_A_32,2,74,133,-0.430099755525589,0.430099755525589,decrease
fold_04,val,delta_A_32,3,121,133,0.4204849600791931,0.4204849600791931,increase
fold_04,val,delta_A_32,4,73,133,-0.4051132798194885,0.4051132798194885,decrease
fold_04,val,delta_A_32,5,106,171,-0.4022829532623291,0.4022829532623291,decrease
fold_04,val,delta_A_32,6,133,176,-0.38070958852767944,0.38070958852767944,decrease
fold_04,val,delta_A_32,7,129,133,-0.3651072680950165,0.3651072680950165,decrease
fold_04,val,delta_A_32,8,117,133,0.36105382442474365,0.36105382442474365,increase
fold_04,val,delta_A_32,9,133,171,0.36091434955596924,0.36091434955596924,increase
fold_04,val,delta_A_32,10,133,163,-0.35476863384246826,0.35476863384246826,decrease
fold_04,test,delta_A_21,1,25,35,0.25750839710235596,0.25750839710235596,increase
fold_04,test,delta_A_21,2,45,62,0.2499179244041443,0.2499179244041443,increase
fold_04,test,delta_A_21,3,45,89,0.24661308526992798,0.24661308526992798,increase
fold_04,test,delta_A_21,4,48,62,0.24206189811229706,0.24206189811229706,increase
fold_04,test,delta_A_21,5,89,136,0.2351474016904831,0.2351474016904831,increase
fold_04,test,delta_A_21,6,35,73,0.230424165725708,0.230424165725708,increase
fold_04,test,delta_A_21,7,28,89,0.2264094352722168,0.2264094352722168,increase
fold_04,test,delta_A_21,8,35,68,0.22378265857696533,0.22378265857696533,increase
fold_04,test,delta_A_21,9,137,168,0.2210511863231659,0.2210511863231659,increase
fold_04,test,delta_A_21,10,90,136,0.22033962607383728,0.22033962607383728,increase
fold_04,test,delta_A_31,1,45,130,0.2805301547050476,0.2805301547050476,increase
fold_04,test,delta_A_31,2,126,130,0.2622181177139282,0.2622181177139282,increase
fold_04,test,delta_A_31,3,120,165,0.255321204662323,0.255321204662323,increase
fold_04,test,delta_A_31,4,48,71,0.24661517143249512,0.24661517143249512,increase
fold_04,test,delta_A_31,5,47,117,0.24575623869895935,0.24575623869895935,increase
fold_04,test,delta_A_31,6,91,100,0.24571430683135986,0.24571430683135986,increase
fold_04,test,delta_A_31,7,44,122,0.24458031356334686,0.24458031356334686,increase
fold_04,test,delta_A_31,8,48,99,0.24240742623806,0.24240742623806,increase
fold_04,test,delta_A_31,9,77,165,-0.2420572191476822,0.2420572191476822,decrease
fold_04,test,delta_A_31,10,91,104,0.24122121930122375,0.24122121930122375,increase
fold_04,test,delta_A_32,1,120,165,0.2395208775997162,0.2395208775997162,increase
fold_04,test,delta_A_32,2,141,165,0.23914234340190887,0.23914234340190887,increase
fold_04,test,delta_A_32,3,28,89,-0.236134871840477,0.236134871840477,decrease
fold_04,test,delta_A_32,4,154,165,0.23336808383464813,0.23336808383464813,increase
fold_04,test,delta_A_32,5,73,145,-0.22973719239234924,0.22973719239234924,decrease
fold_04,test,delta_A_32,6,125,165,0.2266748696565628,0.2266748696565628,increase
fold_04,test,delta_A_32,7,25,145,-0.21043892204761505,0.21043892204761505,decrease
fold_04,test,delta_A_32,8,14,68,-0.21019570529460907,0.21019570529460907,decrease
fold_04,test,delta_A_32,9,152,165,0.20837879180908203,0.20837879180908203,increase
fold_04,test,delta_A_32,10,14,69,-0.2054159939289093,0.2054159939289093,decrease
