path,bytes,sha256
.gitignore,487,5da839dcccc692dab6939f632ced5cd18fc438434cc30141fe927563d10aafec
ANONYMIZATION.md,1793,8be1eaf83719fbc3d93f0236016383fe00c6a1653a3a1c23efbfd78573aae3f9
Makefile,878,24ff1a372eb012af0dab34ba434b1c8114a3c082fdda063ef1c7e6fe8839702b
README.md,10576,46a24549d14101c21329f17a6792562b1f9c4823c19036a4e6fd8590b3915fb2
REPRODUCIBILITY.md,4032,d79ab53e5ced857816d99258000a9c4b3a485053a9ff808a266ac10cda5d2540
external_validation/summary/external_visual_roi_all4_summary.md,1708,62f77e03bf790c2a198d0569f6945a4907b655cf93bc2276540964b2c8faac4c
external_validation/summary/laion_fmri_visual_roi_all_runs.csv,15195,bc2fcc1e9710d0d67a5999304b1bfd9bb6b40ee95f2e466ea1273ca003f26208
external_validation/summary/laion_fmri_visual_roi_latex.txt,477,c0e9653f6fd70249a61a53678a47198bef1fb5ff3fa54dbfd1275fcf0147843d
external_validation/summary/laion_fmri_visual_roi_pairwise_tests.csv,674,65e41555a387821032af22cb1a23462aa52ef187cee588260db247a8604ec7ca
external_validation/summary/laion_fmri_visual_roi_summary.csv,484,4f5d64625ff046fb2b3199772dc137aa40dd7e59e01bbd2df39805f8a69ac759
external_validation/summary/laion_fmri_visual_roi_summary.md,1378,ea889a8d33ac8b148c1c77ca62a028ef0b3318a83e77349b19906921b1144ffb
models/__init__.py,158,530edbeb1d9f4cc7765020779e0c9b7957fece4b0a2558c638ca5ce5916d4dc5
models/bnt_encoder.py,11218,967eee1dd5407f89c009637296267b058065e92ebcc196af7e61567b19a4ca4a
models/regraph_vlm.py,14557,b43de819538780cbf926e4c6c3fa26d9b31d5432e8c287645b10ab70ba707a25
preproc_v0/repetition_familiarity/results/final_tables/aaai_publication_readiness_audit.csv,3315,379f5d3f63b5953f573b8502e004c4c8d6017c75f3cc6a68285a5d7174cc85ff
preproc_v0/repetition_familiarity/results/final_tables/aaai_publication_readiness_audit.md,3808,c766553e55be910d2ce365ceada74e3a0edc122ae9dfbaed58a114bb09e83233
preproc_v0/repetition_familiarity/results/final_tables/aaai_roi_token_story_summary.md,944,c6a9ecce148a95a72066f828757363414f11462f2afd69e2c506d50d84c00c0a
preproc_v0/repetition_familiarity/results/final_tables/final_adjacency_ablation_tests.csv,4951,1c9a41578d56de8ed4dcade3eb9515a5d06ab08209372ebd40fc0b42ca0934cd
preproc_v0/repetition_familiarity/results/final_tables/final_adjacency_ablation_tests.md,2472,1c7e2867e327729f3dbe91a63b8541df2bd367f782eef932fd7ece600bf1e8df
preproc_v0/repetition_familiarity/results/final_tables/fold_difficulty_qc.csv,993,41f311826e5ee69c1f4032fbab69515f5c77cb6cef38eb611212aa44dc95d9fa
preproc_v0/repetition_familiarity/results/final_tables/manuscript_publication_claims_audit.csv,4964,6e231b6b61a60ce929254732bd52c33489370df78a193f00f16cdae68f4b900e
preproc_v0/repetition_familiarity/results/final_tables/manuscript_publication_claims_audit.md,5536,cd22576679c569ab07607dd7efc5171468ad95040c5d3f3ac83a02e288953600
preproc_v0/repetition_familiarity/results/final_tables/manuscript_stat_claims_audit.csv,1519,e7bd0bcfc8401853226ed8e5690777b6f10e44540ad4d545d6bdd3b57f7edf88
preproc_v0/repetition_familiarity/results/final_tables/manuscript_stat_claims_audit.md,1754,ad937589eb2a462d7f4fd739f610022d29088bf01d157bbdd385476a5a4d7ca9
preproc_v0/repetition_familiarity/results/final_tables/manuscript_table_values_audit.csv,2238,3138b6ad7e18c4a6d09c70265cb213bb1f5bd70f591b00399611d62bdd1a300d
preproc_v0/repetition_familiarity/results/final_tables/manuscript_table_values_audit.md,2517,78cf0e253996f79788a4d349e761dbf3ee0f6dc3272b9348cedc090aaee2568d
preproc_v0/repetition_familiarity/results/final_tables/model_parameter_counts.csv,1337,313378fe6993ca2596ab03388c7408e404573399573f77adb24edd7d702eba8f
preproc_v0/repetition_familiarity/results/final_tables/package_metadata_audit.csv,826,ec96753eaaa16f710e3ca607848356c821831cdfcc5f51da67e738ef3adcd6fd
preproc_v0/repetition_familiarity/results/final_tables/package_metadata_audit.md,990,3cfe50fd49a8c417881f5ed4c0b805cc63014b5fd93a07d0cf463605b43497a1
preproc_v0/repetition_familiarity/results/final_tables/publication_artifact_provenance_audit.csv,2348,44ea19a10ae13eeb39db1757a7d26598b0faf8370ee795ecac7a8f3b7c95fc07
preproc_v0/repetition_familiarity/results/final_tables/publication_artifact_provenance_audit.md,2607,d2ebfa11de8a6255354b958f7617ed044e02488f12c1a9f5f33bf3189979b1cf
preproc_v0/repetition_familiarity/results/final_tables/publication_docs_audit.csv,3080,9b66dd496a0e68680600113a81289cb00ca92dfcdb17fe0ca0aeaee6245645f6
preproc_v0/repetition_familiarity/results/final_tables/publication_docs_audit.md,3415,a580bf758319365f9221ba355861e9ca4d24e271a1daae79a6d007a46a7bec62
preproc_v0/repetition_familiarity/results/final_tables/publication_evidence_manifest.md,4432,99d12f2f026c892448657fa6650ee4d93f51102fe12ee0444d5b6482f50e4561
preproc_v0/repetition_familiarity/results/final_tables/publication_paired_stats.csv,21901,4ac651d6467f7e0dc1f035fc2cc82750dcd8632aa268d99993ba2ce544c1aee0
preproc_v0/repetition_familiarity/results/final_tables/reviewer_response_readiness_audit.csv,1364,9d193002e1765ab62f155a468a9b537f46b1de60ed64ee34393c2296401f0202
preproc_v0/repetition_familiarity/results/final_tables/reviewer_response_readiness_audit.md,1634,6da4448fbd19b799b69c11bbd23ae310378ff05d917ea5b2c2117029f0a3c204
preproc_v0/repetition_familiarity/results/final_tables/session_order_pair_qc.csv,493,da0828383302e33442807b8c6435f429cf5c0e1014e80e7ca135f1cc0642d69f
preproc_v0/repetition_familiarity/results/final_tables/single_ref_matched_allseed_latex.txt,910,e657ab64fd710e03cdfd0582168bbcd03fd3f5b634186083b52a93950aa9de97
preproc_v0/repetition_familiarity/results/final_tables/single_ref_matched_allseed_pairwise_tests.csv,2888,2cf14ff35f763ca6c15f0ea2d7200aaa5784035cd1b0476eb0b0d51c89b9fef2
preproc_v0/repetition_familiarity/results/final_tables/single_ref_matched_allseed_summary.csv,736,e862ac2b26a8bb604f57f714c0f9267e96ca92b3b09b4ae4adb09eab3bcfd802
preproc_v0/repetition_familiarity/results/final_tables/single_ref_matched_latex.txt,910,b9f2fd003e4609d1e568123b8b479e97f67095cb1b89649aad60409cd47c668b
preproc_v0/repetition_familiarity/results/final_tables/single_ref_matched_summary.csv,735,cb1ae455db643a8cae4f6b7558dfc0113271fee648e91cd21830492933b0e2a6
preproc_v0/repetition_familiarity/results/final_tables/split_accounting.csv,1035,2883845d5513f0cddc5d02e43b6c891cc0af1217500ce7bb317f4c7950a717ce
preproc_v0/repetition_familiarity/results/final_tables/table_adjacency_ablation.csv,664,9d83e31a60cbe903e1b7c3c189e99084a249a83889869b265d953a94c3352800
preproc_v0/repetition_familiarity/results/final_tables/table_adjacency_ablation_latex.txt,908,717a66dd00e0542bc6021763e1f1b442db4b313e3943e4b9452df64ba6da9164
preproc_v0/repetition_familiarity/results/final_tables/table_adjacency_perturbation.csv,941,8a4ecb69e4896790c6df4001f8e0a975f3e626b7fc5903d27883dc0bd79bfef4
preproc_v0/repetition_familiarity/results/final_tables/table_allfold_final.csv,871,934cf4362500be24d5ef26e3c7f4465610f92c029f001cf8b171731f81d3ec15
preproc_v0/repetition_familiarity/results/final_tables/table_edge_bias_followup.csv,631,ca3d866fe88318a0bca10cdcc750cc3bb209f6f81d07a7a5243a74040a0a159e
preproc_v0/repetition_familiarity/results/final_tables/table_external_visual_roi_smoke.csv,1562,dd79098ae92cf0a3f5026c6225faa863218d22fd5910e7ced1f1f51196bda5e7
preproc_v0/repetition_familiarity/results/final_tables/table_gate_confound.csv,327,a19c08499356fa51428555a1e90f16c1c5038205db0a226db2b8be3e14a6c2c3
preproc_v0/repetition_familiarity/results/final_tables/table_graph_only.csv,497,457a5b0b07c13ff97a70eaf0cc41b63415e835ebcef90bef9690983d5111dcae
preproc_v0/repetition_familiarity/results/final_tables/table_hard_negative_allfold.csv,637,b334f7b14bb1374133b1af1e70d08362b02f96df475299b072247d882290fe8d
preproc_v0/repetition_familiarity/results/final_tables/table_heldout_image.csv,816,2b35ea543f6ce70e9b54f473e718f91a97fdaca6a9023a096da594dd4dcd1571
preproc_v0/repetition_familiarity/results/final_tables/table_lowshot_calibration.csv,564,196ae1e6de0fc8c13246f22698842cb7e931b6885085b5abe1989f9165ec965a
preproc_v0/repetition_familiarity/results/final_tables/table_matched_deletion.csv,837,51b094c7af9094ce1b9868b9567d9f63aa9439bb43837ee72421840e76986340
preproc_v0/repetition_familiarity/results/final_tables/table_phase2_sota_graph_baselines.csv,1082,4be42317cf095471722ec392ababe480f8fd774ffc0b8149afd229aff19aec8d
preproc_v0/repetition_familiarity/results/final_tables/table_roi_token_controls.csv,960,bfeb445a9f65cbabaf3e63e23a0046bff562ab2edb43159968b1bd480f407a36
preproc_v0/repetition_familiarity/results/final_tables/table_within_subject.csv,610,fedce715c659d5fbf90d4482f043ff54fea0ff1768cc28bf4ae77045b722804a
pyproject.toml,1108,17f1d5a2a36dafd558e1870e80d9fbcac5ff98e028dc157fe0153aeb0fd878e2
reports/neurips_report/BUILD.md,4564,dc28f35202df9c5cbeaa9d5286d91a82778f5a771e02c8b47e8504773e10b244
reports/neurips_report/external_validation_dataset_scan.md,24686,2020e12b0cd06e7f029e01359318c336a472a711e29fba14f91deadebadd19a3
reports/neurips_report/figures/gate_interpretability.pdf,25707,1aa916846ed6f440a4b94d111b4d402cb861958aa4b2f737e484381976110b8e
reports/neurips_report/figures/model_overview.pdf,23503,3911048ad8d2e063be83248fa78d906a5d5f6e29fac9871268f41dbf33536e83
reports/neurips_report/figures/model_overview.png,192364,d24cb1a684211f46c1a9fdae584489fee99f8801e29ac221e9fcd3a9bf65783e
reports/neurips_report/figures/natural_scene_two_stimuli_repeat_maps_left_lateral_large.png,2805079,9f89dba6c7264b252b29ffb5fa956171a418047c841fbad52dcd3b6d1ef26e46
reports/neurips_report/figures/neuroscience_summary.pdf,19816,f4029eb1ede6925b97e4093621c9a5de5157affb1f1d100472abdfb8eacf3304
reports/neurips_report/figures/neuroscience_summary.png,281218,082bece81e4f597c64aa16503a512457cec5c5d6ea378f0074934d8de74cbfa4
reports/neurips_report/figures/per_subject_performance.pdf,23452,2c58549e93298c4087388489424215ad132c49488f7ff54c4e678354e308d34e
reports/neurips_report/figures/results_tradeoff.pdf,16456,b17ca03ce6b70fbf70ee9876f269494a272e43257f88aa31d8836d593c17c61a
reports/neurips_report/figures/results_tradeoff.png,169444,f2acc981b891ef807e5085caa0ed1be8fbd06e6ef88c76b6e47b5fcc5eb22f6f
reports/neurips_report/may30.tex,77988,4e1abc2acf11d7d850dac2811cda9f62538d12db88102451794c5adb1d1ce259
reports/neurips_report/neurips_2025.sty,13023,67a960f35da6fecb5a0ce0202fa400459f4c8bb6c294f1a3fdd82fbbd39244c2
reports/neurips_report/references.bib,6579,7d584db58a9e214b8bb6d5e061f123425cb01f20c0330b6a910daa1390a82303
scripts/audit_aaai_publication_readiness.py,16433,d1d8afe56c76a68eb2277a645d416a76de8e0e6bb45b480a51917f1c7298f8c3
scripts/audit_manuscript_publication_claims.py,30182,27b70e908c26b26481b169623ebe0fdf603e357f876a95839178f073c87d6482
scripts/audit_manuscript_stat_claims.py,10433,e7c3a9a1a68ef7f1f804553daa02d37414ad391e3761c3b471f19dab97f10732
scripts/audit_manuscript_table_values.py,19281,f071971876add648e4b212f905e98287a11cc72b4302670ccb563eb790dc10f6
scripts/audit_package_metadata.py,6723,eac481cbfce509b1e5f46fddf7698ea9ddeb4e9331d413b1c26aa41988977e10
scripts/audit_publication_artifact_provenance.py,5068,9a97ad690fa00d4c13e1d61810f277815842339ff69dff786b4a24e1a0a98c19
scripts/audit_publication_docs.py,15162,688729e913d0bf3dc495b4a799fe468908a730f0b32769e41f56e0c9fb228ea0
scripts/audit_reviewer_response_readiness.py,14396,a7a3d17bd4bb63c3523dc2fc53bc4c922da62df61a0e7e29a81b8d013d3ef801
scripts/generate_publication_evidence_manifest.py,7198,953e752be4b01e25fd1d9837d8143a6f9efd4a112ce258d026bb4fdfba77858d
scripts/make_anonymous_submission_bundle.py,14715,15d113761d8c2ffae40c60720f1cbf95a795d9c5ed7ab38816839ac211e3384f
scripts/make_publication_stat_tests.py,14008,65135975478e555560894af1954556bd928a1a4610a706aa3f421f75438a7028
scripts/materialize_publication_readiness_artifacts.py,33843,9e9a9b3f1b8b735aa2a6d23e6b9b6dc1102752d26da9a06d379a961594142efe
scripts/run_publication_preflight.py,15987,3372c66f8ac1b8375758e0584004b1d30961d2d31e88881586d10419d032a135
scripts/run_regraph_vlm_fold.py,35959,cafa1e4c645eacc2f99538135e74a134233ac44633996f9373189cb5f4367e4a
scripts/smoke_test_anonymous_bundle_archive.py,3434,666779f7ceaf515db0a1e3a2a2ba67c7d1825599a385c3e688d6353965a8f628
scripts/update_may30_publication_tables.py,4816,91ea4d2dbfcfc213c088f2d4f7eca8843fb001fb9763606b86e6c60ca776640d
scripts/verify_anonymous_bundle_manifest.py,4857,255feac6eac542ac2ace45ad6a4340d4dc011a5867e6dce49f3c816440f7aa04
scripts/verify_model_parameter_counts.py,2381,5fb19453ae49ded4b3352deb115ebf627a8b8f26c37ded8a244b1d7b3c26d7b5
