setting,comparison,metric,n,mean_diff,std_diff,bootstrap_ci_low,bootstrap_ci_high,paired_t_p
main_allfold,Gated ReGraph/BNT+CLIP - ROI-MLP+CLIP,AUROC,24,0.009489177124468557,0.008620906282035056,0.006157710994349384,0.012959855238563368,1.7717360959704455e-05
main_allfold,Gated ReGraph/BNT+CLIP - ROI-MLP+CLIP,AUPRC,24,0.01682435723395731,0.010352767442308487,0.0128042955031892,0.020917973843410525,4.660164405442356e-08
main_allfold,Gated ReGraph/BNT+CLIP - ROI-MLP+CLIP,R@5,24,0.011702116464491536,0.011027458678627084,0.007545870606791491,0.01620249974063018,2.8533823629015073e-05
main_allfold,Gated ReGraph/BNT+CLIP - ROI-MLP+CLIP,MRR,24,0.005932440499853888,0.006548960954955799,0.0034766131936913264,0.008619021688863717,0.00018904417079833625
main_allfold,Gated ReGraph/BNT+CLIP - ROI-MLP+CLIP,image_R@5,24,0.011787583188193613,0.011721951440681996,0.00723575822163538,0.016614265161884943,5.5985647420603795e-05
main_allfold,Gated ReGraph/BNT+CLIP - ROI-MLP+CLIP,brain_R@5,24,0.015876668998898346,0.010924456292492892,0.011522793612134808,0.020033764448484037,2.982827082318697e-07
main_allfold,Gated ReGraph/BNT+CLIP - ROI-MLP+CLIP,brain_MRR,24,0.010471439413271721,0.005184308537240352,0.008446015113719556,0.012516322319191165,9.323712387174547e-10
main_allfold,Gated ReGraph/BNT+CLIP - Flat ReGraph+CLIP,AUROC,24,0.004856161695911021,0.01298961572405355,-0.00011615132657307874,0.010160188662446955,0.08001316561228755
main_allfold,Gated ReGraph/BNT+CLIP - Flat ReGraph+CLIP,AUPRC,24,0.004259624019262188,0.01379960760485889,-0.0012246839537325535,0.009661276667417321,0.14410198470597668
main_allfold,Gated ReGraph/BNT+CLIP - Flat ReGraph+CLIP,R@5,24,0.003478703771047835,0.007833768832883621,0.00045173819007819394,0.006507347802322365,0.040124515871807646
main_allfold,Gated ReGraph/BNT+CLIP - Flat ReGraph+CLIP,MRR,24,0.0017784992863015593,0.005705514938644263,-0.0004988472751522808,0.004014050942941393,0.1403748232769681
main_allfold,Gated ReGraph/BNT+CLIP - Flat ReGraph+CLIP,image_R@5,24,0.0034500388675384294,0.00882370501372362,1.5852842328416283e-05,0.007029930129133339,0.06794534338254356
main_allfold,Gated ReGraph/BNT+CLIP - Flat ReGraph+CLIP,brain_R@5,24,0.002946735804253997,0.00946088318660144,-0.0005731501090458433,0.006753593139416385,0.1406792244290506
main_allfold,Gated ReGraph/BNT+CLIP - Flat ReGraph+CLIP,brain_MRR,24,0.00237204629799917,0.00580796864470925,0.000206487627016654,0.004752537218389821,0.05735197981744751
hard_negative,Gated ReGraph/BNT+CLIP - ROI-MLP+CLIP,AUROC,24,0.006352318057692842,0.010490640677404647,0.0022472452516024565,0.010390263466926467,0.006913238337624284
hard_negative,Gated ReGraph/BNT+CLIP - ROI-MLP+CLIP,AUPRC,24,0.010931572929109781,0.011766928337514698,0.006203323552841432,0.01534428717992418,0.00014246792475338044
hard_negative,Gated ReGraph/BNT+CLIP - ROI-MLP+CLIP,R@5,24,0.010166246781098294,0.011433662363067759,0.005662216744854292,0.014462884923666007,0.00023186889354737298
hard_negative,Gated ReGraph/BNT+CLIP - ROI-MLP+CLIP,MRR,24,0.005044336484881809,0.006641820880910455,0.0024317310709658516,0.007687432435402484,0.0011226653591514314
hard_negative,Gated ReGraph/BNT+CLIP - ROI-MLP+CLIP,image_R@5,24,0.009566032775124309,0.010595725821709655,0.005536735538460846,0.013795450777578874,0.00019619909872502434
hard_negative,Gated ReGraph/BNT+CLIP - ROI-MLP+CLIP,brain_R@5,24,0.008372086402898339,0.011952199603653684,0.0038312260859780637,0.013199242645164734,0.0022773479901685625
hard_negative,Gated ReGraph/BNT+CLIP - ROI-MLP+CLIP,brain_MRR,24,0.0050220578934700826,0.0069967314540040435,0.0022636298777471125,0.007728604495446935,0.0018527018144567997
hard_negative,Gated ReGraph/BNT+CLIP - Flat ReGraph+CLIP,AUROC,24,0.005655774290441558,0.009130664954798088,0.0018046111907123554,0.00915426084046459,0.005891575725623443
hard_negative,Gated ReGraph/BNT+CLIP - Flat ReGraph+CLIP,AUPRC,24,0.007958651144222562,0.009645193991675603,0.003954671759443651,0.011381591476827461,0.0005063597899685703
hard_negative,Gated ReGraph/BNT+CLIP - Flat ReGraph+CLIP,R@5,24,0.005361374508243883,0.009323746023166452,0.0017449006813574134,0.00898000798485999,0.009779440658323025
hard_negative,Gated ReGraph/BNT+CLIP - Flat ReGraph+CLIP,MRR,24,0.0027584342581945726,0.005798149345688849,0.0005069854013613693,0.005046415383394557,0.028901016139210683
hard_negative,Gated ReGraph/BNT+CLIP - Flat ReGraph+CLIP,image_R@5,24,0.006443097774443841,0.012016039266829408,0.0018142918211293082,0.01129961007515406,0.015073470983607033
hard_negative,Gated ReGraph/BNT+CLIP - Flat ReGraph+CLIP,brain_R@5,24,0.005146670328797361,0.010427896446239905,0.001209878055052496,0.00939226912623762,0.023936214812494815
hard_negative,Gated ReGraph/BNT+CLIP - Flat ReGraph+CLIP,brain_MRR,24,0.003925070345073609,0.005940690050077459,0.0016041558602700907,0.006234275380654568,0.0036432939589334263
heldout_image_available_raw,Gated ReGraph/BNT+CLIP - ROI-MLP+CLIP,AUROC,24,0.000693983761571218,0.019122103573202355,-0.006768540627780439,0.008077371161418859,0.8604406702429205
heldout_image_available_raw,Gated ReGraph/BNT+CLIP - ROI-MLP+CLIP,AUPRC,24,0.004631323623231945,0.020205143650643395,-0.0031172115314493155,0.012669512264880512,0.2730568886956096
heldout_image_available_raw,Gated ReGraph/BNT+CLIP - ROI-MLP+CLIP,R@5,24,0.01840852268933647,0.029062381944863717,0.0068204202754104165,0.029537709852068342,0.00501084681426974
heldout_image_available_raw,Gated ReGraph/BNT+CLIP - ROI-MLP+CLIP,MRR,24,0.01014700937043148,0.018182836208475887,0.002837844209606385,0.01716659705607458,0.011830904216095674
heldout_image_available_raw,Gated ReGraph/BNT+CLIP - ROI-MLP+CLIP,image_R@5,24,0.016789572539066478,0.02784965720445327,0.005997327300019599,0.027875353801121015,0.007126954223248684
heldout_image_available_raw,Gated ReGraph/BNT+CLIP - ROI-MLP+CLIP,brain_R@5,24,0.019084577326458775,0.031157155825539934,0.007482221171138347,0.03189254391658919,0.006379032690757781
heldout_image_available_raw,Gated ReGraph/BNT+CLIP - ROI-MLP+CLIP,brain_MRR,24,0.013226126269371636,0.018167233097822772,0.006391571938255916,0.02061374236117795,0.0016388545383484593
heldout_image_available_raw,Gated ReGraph/BNT+CLIP - Flat ReGraph+CLIP,AUROC,24,0.004169809337176644,0.019786786860959374,-0.0033924951255525906,0.012321984515146316,0.3126207742755315
heldout_image_available_raw,Gated ReGraph/BNT+CLIP - Flat ReGraph+CLIP,AUPRC,24,0.0024446084726530656,0.021445436808714736,-0.005802603988585459,0.010807607896840564,0.581937275847625
heldout_image_available_raw,Gated ReGraph/BNT+CLIP - Flat ReGraph+CLIP,R@5,24,0.008068728850607625,0.02810205206302448,-0.002525888930831296,0.01968686665947015,0.17291272583358042
heldout_image_available_raw,Gated ReGraph/BNT+CLIP - Flat ReGraph+CLIP,MRR,24,0.004566795890279008,0.015252111403675467,-0.0012783860297501338,0.010767245590183145,0.15595657578094588
heldout_image_available_raw,Gated ReGraph/BNT+CLIP - Flat ReGraph+CLIP,image_R@5,24,0.009496910834179544,0.025080347953058222,-0.00011233563907487282,0.019621055427413086,0.07645321954150255
heldout_image_available_raw,Gated ReGraph/BNT+CLIP - Flat ReGraph+CLIP,brain_R@5,24,0.009020372832443906,0.023624730960513582,-0.000261419004780699,0.018356575422285117,0.0741903256591727
heldout_image_available_raw,Gated ReGraph/BNT+CLIP - Flat ReGraph+CLIP,brain_MRR,24,0.005456785667071922,0.014167926069880689,2.020100940049743e-05,0.011113979577020384,0.07186770123963099
heldout_real_vs_random_available_raw,Gated ReGraph/BNT+CLIP - Gated random embedding,AUROC,24,-0.002348253079283394,0.013474557067173909,-0.007810864243802489,0.002768290098939022,0.40204246599052684
heldout_real_vs_random_available_raw,Gated ReGraph/BNT+CLIP - Gated random embedding,AUPRC,24,-0.0009169801351474512,0.013175178154762393,-0.0061224323852138406,0.004223657275692541,0.7362254361858012
heldout_real_vs_random_available_raw,Gated ReGraph/BNT+CLIP - Gated random embedding,R@5,24,-0.0022604192135451885,0.024066798285656523,-0.012088909195237921,0.007138073761339411,0.6497465034064902
heldout_real_vs_random_available_raw,Gated ReGraph/BNT+CLIP - Gated random embedding,MRR,24,-0.0010833661285935894,0.011616237544483828,-0.005770956612697174,0.0033529225976098313,0.6520332250363597
heldout_real_vs_random_available_raw,Gated ReGraph/BNT+CLIP - Gated random embedding,image_R@5,24,0.1467169439174874,0.03905573318276563,0.13143166376404528,0.1623230583554138,2.940721469701582e-15
heldout_real_vs_random_available_raw,Gated ReGraph/BNT+CLIP - Gated random embedding,brain_R@5,24,0.16198637131739121,0.04430663569949183,0.1444737712052099,0.17892101851907824,5.278954109480114e-15
heldout_real_vs_random_available_raw,Gated ReGraph/BNT+CLIP - Gated random embedding,brain_MRR,24,0.10178727647273093,0.024159996103556163,0.09215406128473758,0.11090335684422009,2.431839475349215e-16
single_ref_eval_existing,Gated ReGraph/BNT+CLIP - ROI-MLP+CLIP,AUROC,24,0.009676117638687573,0.010130637417085761,0.005931758008264939,0.013686085651077167,0.00010355099931815497
single_ref_eval_existing,Gated ReGraph/BNT+CLIP - ROI-MLP+CLIP,AUPRC,24,0.01552485179840718,0.012067234149238555,0.011029285401749665,0.020433258003941752,1.9741190664976363e-06
single_ref_eval_existing,Gated ReGraph/BNT+CLIP - ROI-MLP+CLIP,R@5,24,0.004186682657547284,0.007196268518469806,0.0013530346112216767,0.006948370403413833,0.009060087700787851
single_ref_eval_existing,Gated ReGraph/BNT+CLIP - ROI-MLP+CLIP,MRR,24,0.003839945294611296,0.0038446330593732486,0.002324199943589501,0.0053280573722237785,6.0827782012958355e-05
single_ref_eval_existing,Gated ReGraph/BNT+CLIP - ROI-MLP+CLIP,image_R@5,24,0.011787583188193613,0.011721951440681996,0.007150921591703296,0.01640584241680342,5.5985647420603795e-05
single_ref_eval_existing,Gated ReGraph/BNT+CLIP - ROI-MLP+CLIP,brain_R@5,24,0.015876668998898346,0.010924456292492892,0.011538913127804848,0.020014166758241747,2.982827082318697e-07
single_ref_eval_existing,Gated ReGraph/BNT+CLIP - ROI-MLP+CLIP,brain_MRR,24,0.010471439413271721,0.005184308537240352,0.008446907518632273,0.012514226813161737,9.323712387174547e-10
single_ref_eval_existing,No-adj gated ROI Transformer+CLIP - ROI-MLP+CLIP,AUROC,24,0.008244790511184583,0.01293775485195102,0.003237814659929191,0.013383094810257968,0.004791497193242925
single_ref_eval_existing,No-adj gated ROI Transformer+CLIP - ROI-MLP+CLIP,AUPRC,24,0.01333548437017606,0.014781305019404745,0.007565864805087636,0.019077056595382925,0.000197725388957687
single_ref_eval_existing,No-adj gated ROI Transformer+CLIP - ROI-MLP+CLIP,R@5,24,0.0050455828182186585,0.007121522646332425,0.0022274693571789415,0.007767821355433777,0.0020695824566692492
single_ref_eval_existing,No-adj gated ROI Transformer+CLIP - ROI-MLP+CLIP,MRR,24,0.003540138985766559,0.00334290941670083,0.0022706447355506183,0.004870595491840087,2.9295908962653213e-05
single_ref_eval_existing,No-adj gated ROI Transformer+CLIP - ROI-MLP+CLIP,image_R@5,24,0.008654885672921308,0.009961469034324212,0.0048091211988142155,0.012596500828785995,0.0002971775993761207
single_ref_eval_existing,No-adj gated ROI Transformer+CLIP - ROI-MLP+CLIP,brain_R@5,24,0.012846322635807574,0.01399417503824327,0.00741691775521637,0.018435406527386535,0.00016302612141807943
single_ref_eval_existing,No-adj gated ROI Transformer+CLIP - ROI-MLP+CLIP,brain_MRR,24,0.008739409484963287,0.008151192077707647,0.005535670105118898,0.011861071222017624,2.4988967529836914e-05
single_ref_eval_existing,Gated ReGraph/BNT+CLIP - No-adj gated ROI Transformer+CLIP,AUROC,24,0.0014313271275029904,0.010963119759975453,-0.0030013160488798385,0.005590493318293593,0.5287507739694584
single_ref_eval_existing,Gated ReGraph/BNT+CLIP - No-adj gated ROI Transformer+CLIP,AUPRC,24,0.0021893674282311196,0.01197598204648901,-0.002766510224948293,0.006658258877026788,0.3797453409500261
single_ref_eval_existing,Gated ReGraph/BNT+CLIP - No-adj gated ROI Transformer+CLIP,R@5,24,-0.0008589001606713746,0.006442229293269871,-0.0034443797189436325,0.0015456381562433802,0.5201366718335408
single_ref_eval_existing,Gated ReGraph/BNT+CLIP - No-adj gated ROI Transformer+CLIP,MRR,24,0.0002998063088447365,0.0038294521994929804,-0.0012229349280951742,0.0017906068547533932,0.7048424430416554
single_ref_eval_existing,Gated ReGraph/BNT+CLIP - No-adj gated ROI Transformer+CLIP,image_R@5,24,0.0031326975152723043,0.009930767354486584,-0.0005817615769071059,0.007189630873447739,0.1358987730250711
single_ref_eval_existing,Gated ReGraph/BNT+CLIP - No-adj gated ROI Transformer+CLIP,brain_R@5,24,0.003030346363090771,0.011110276135631824,-0.0015260744976092178,0.007177548542113789,0.19455289970883102
single_ref_eval_existing,Gated ReGraph/BNT+CLIP - No-adj gated ROI Transformer+CLIP,brain_MRR,24,0.0017320299283084338,0.007392806681782535,-0.0012068214481176565,0.0045544794860106035,0.26286575344124036
single_ref_retrained,Gated ReGraph/BNT+CLIP - ROI-MLP+CLIP,AUROC,24,0.011311979677307913,0.01614672205973247,0.005136477577410678,0.017848506176355444,0.002274362155190681
single_ref_retrained,Gated ReGraph/BNT+CLIP - ROI-MLP+CLIP,AUPRC,24,0.018842204094046033,0.017081777773370357,0.01254088840480074,0.02598747112408067,1.7225769077975263e-05
single_ref_retrained,Gated ReGraph/BNT+CLIP - ROI-MLP+CLIP,R@5,24,0.008777646882129503,0.008366651325594469,0.005498403091936913,0.012065802493667043,3.301388682152356e-05
single_ref_retrained,Gated ReGraph/BNT+CLIP - ROI-MLP+CLIP,MRR,24,0.005705426135438033,0.00474059385695252,0.003833247060754977,0.0075558021932614775,5.207396183707015e-06
single_ref_retrained,Gated ReGraph/BNT+CLIP - ROI-MLP+CLIP,image_R@5,24,0.007202496627125875,0.012679200055380476,0.0020844693639804194,0.012147160270333832,0.010577247869719768
single_ref_retrained,Gated ReGraph/BNT+CLIP - ROI-MLP+CLIP,brain_R@5,24,0.00977082839978032,0.010663740414158003,0.005452569623895151,0.013754396991632976,0.0001664683354831642
single_ref_retrained,Gated ReGraph/BNT+CLIP - ROI-MLP+CLIP,brain_MRR,24,0.006786457979765889,0.007001802669132253,0.003975227344570551,0.009482763227263304,8.717383873216845e-05
single_ref_retrained,No-adj gated ROI Transformer+CLIP - ROI-MLP+CLIP,AUROC,24,0.011311923989366077,0.016146749574954284,0.005205710305797087,0.017767430840469313,0.0022744877556430915
single_ref_retrained,No-adj gated ROI Transformer+CLIP - ROI-MLP+CLIP,AUPRC,24,0.018842025457920807,0.017081737027144325,0.012443191368948468,0.025695930189823222,1.722738876826059e-05
single_ref_retrained,No-adj gated ROI Transformer+CLIP - ROI-MLP+CLIP,R@5,24,0.008777646882129503,0.008366651325594469,0.0054624082748175005,0.012074284829572967,3.301388682152356e-05
single_ref_retrained,No-adj gated ROI Transformer+CLIP - ROI-MLP+CLIP,MRR,24,0.005705426801564679,0.00474060010591737,0.003840222513962022,0.007552684964144962,5.207484978301529e-06
single_ref_retrained,No-adj gated ROI Transformer+CLIP - ROI-MLP+CLIP,image_R@5,24,0.007202496627125875,0.012679200055380476,0.002177420381234875,0.012050406722316892,0.010577247869719768
single_ref_retrained,No-adj gated ROI Transformer+CLIP - ROI-MLP+CLIP,brain_R@5,24,0.00977082839978032,0.010663740414158003,0.005531039546529587,0.01384672006027222,0.0001664683354831642
single_ref_retrained,No-adj gated ROI Transformer+CLIP - ROI-MLP+CLIP,brain_MRR,24,0.006786460519220893,0.007001798782900937,0.004075072082599969,0.009537413399090958,8.7172881182385e-05
single_ref_retrained,Gated ReGraph/BNT+CLIP - No-adj gated ROI Transformer+CLIP,AUROC,24,5.568794183656115e-08,1.8270123900433968e-07,-8.937829144850516e-09,1.3132540833231397e-07,0.14897049659865946
single_ref_retrained,Gated ReGraph/BNT+CLIP - No-adj gated ROI Transformer+CLIP,AUPRC,24,1.786361252253954e-07,5.424832648172857e-07,5.043104582084605e-09,4.236190113892274e-07,0.12033874520867463
single_ref_retrained,Gated ReGraph/BNT+CLIP - No-adj gated ROI Transformer+CLIP,R@5,24,0.0,0.0,0.0,0.0,nan
single_ref_retrained,Gated ReGraph/BNT+CLIP - No-adj gated ROI Transformer+CLIP,MRR,24,-6.661266455966486e-10,4.3919404223533756e-08,-1.9632928979166492e-08,1.526644213403645e-08,0.9414118024264466
single_ref_retrained,Gated ReGraph/BNT+CLIP - No-adj gated ROI Transformer+CLIP,image_R@5,24,0.0,0.0,0.0,0.0,nan
single_ref_retrained,Gated ReGraph/BNT+CLIP - No-adj gated ROI Transformer+CLIP,brain_R@5,24,0.0,0.0,0.0,0.0,nan
single_ref_retrained,Gated ReGraph/BNT+CLIP - No-adj gated ROI Transformer+CLIP,brain_MRR,24,-2.5394550044975186e-09,1.2440737971552165e-08,-7.618365013492556e-09,0.0,0.32771580614285867
component_baselines,Gated ReGraph/BNT+CLIP - MindEye2-style shared ROI mapper,AUROC,24,0.32765675315868686,0.05295316812556548,0.30595010473474926,0.3470823583700412,4.787803358232716e-20
component_baselines,Gated ReGraph/BNT+CLIP - MindEye2-style shared ROI mapper,AUPRC,24,0.30583622940375926,0.052799983887546614,0.2836248926730871,0.3249646280730259,2.104234275757641e-19
component_baselines,Gated ReGraph/BNT+CLIP - MindEye2-style shared ROI mapper,R@5,24,0.08216695904762808,0.03530291381896165,0.06833794356486556,0.09598740186619788,6.084415709620793e-11
component_baselines,Gated ReGraph/BNT+CLIP - MindEye2-style shared ROI mapper,MRR,24,0.058432200604828725,0.023236075365989747,0.049204012942016234,0.06742911320000003,1.305745956797265e-11
component_baselines,Gated ReGraph/BNT+CLIP - MindEye2-style shared ROI mapper,image_R@5,24,0.07665657214998334,0.03082305641093712,0.06432836374716822,0.08873017302361591,1.631121605287443e-11
component_baselines,Gated ReGraph/BNT+CLIP - MindEye2-style shared ROI mapper,brain_R@5,24,0.09095258790527994,0.029740527497627938,0.0787463549760157,0.10221582498888725,2.3457717880318585e-13
component_baselines,Gated ReGraph/BNT+CLIP - MindEye2-style shared ROI mapper,brain_MRR,24,0.06603957730991807,0.019481619316020098,0.05807191608558263,0.07344687692598441,2.6642021259496826e-14
component_baselines,Gated ReGraph/BNT+CLIP - UMBRAE-style subject encoder,AUROC,24,0.08437671691694398,0.05523068038814433,0.06442790136386177,0.10720826052262285,1.3196497327819205e-07
component_baselines,Gated ReGraph/BNT+CLIP - UMBRAE-style subject encoder,AUPRC,24,0.10035845118429394,0.05276937569045448,0.08088066549486397,0.12232232943978259,2.85442584193887e-09
component_baselines,Gated ReGraph/BNT+CLIP - UMBRAE-style subject encoder,R@5,24,0.05912425881084516,0.029757685270940432,0.04749567869324551,0.07102427828285143,1.2693044871152573e-09
component_baselines,Gated ReGraph/BNT+CLIP - UMBRAE-style subject encoder,MRR,24,0.03885114415560415,0.01840752176900289,0.031545240841179975,0.046004153253815,4.0540455884423514e-10
component_baselines,Gated ReGraph/BNT+CLIP - UMBRAE-style subject encoder,image_R@5,24,0.05172886550238718,0.0234429186535227,0.042638920228448944,0.06102795123020652,1.7239429015895828e-10
component_baselines,Gated ReGraph/BNT+CLIP - UMBRAE-style subject encoder,brain_R@5,24,0.06355183762418344,0.0246631135166841,0.05388461867347982,0.07309846489281611,7.987565625718111e-12
component_baselines,Gated ReGraph/BNT+CLIP - UMBRAE-style subject encoder,brain_MRR,24,0.04321671224885651,0.015754912722060244,0.0371172382127279,0.04942680084159773,2.2360678912972774e-12
component_baselines,Gated ReGraph/BNT+CLIP - MindLink-style subject-adversarial ROI-MLP,AUROC,24,0.012370824317281717,0.015661663295925003,0.006927788373893023,0.0190957051510259,0.000777253726293753
component_baselines,Gated ReGraph/BNT+CLIP - MindLink-style subject-adversarial ROI-MLP,AUPRC,24,0.01913858595855873,0.019385619220351983,0.01231145203854578,0.027375285213181395,6.999006020141438e-05
component_baselines,Gated ReGraph/BNT+CLIP - MindLink-style subject-adversarial ROI-MLP,R@5,24,0.01248692503919246,0.01612677674258246,0.0065384640723731855,0.019022121013698254,0.0009386792186908895
component_baselines,Gated ReGraph/BNT+CLIP - MindLink-style subject-adversarial ROI-MLP,MRR,24,0.007942207539785787,0.010659244665226825,0.004028064393899926,0.012355901153528425,0.0013350154132544625
component_baselines,Gated ReGraph/BNT+CLIP - MindLink-style subject-adversarial ROI-MLP,image_R@5,24,0.013340300699120242,0.014466346760699323,0.007876686982142975,0.01908870981324591,0.00015489963107650698
component_baselines,Gated ReGraph/BNT+CLIP - MindLink-style subject-adversarial ROI-MLP,brain_R@5,24,0.01603026432364572,0.016219916151782268,0.010072193613310892,0.022861380090797113,6.910012519836071e-05
component_baselines,Gated ReGraph/BNT+CLIP - MindLink-style subject-adversarial ROI-MLP,brain_MRR,24,0.010983933058967861,0.007840329696845191,0.00816695719230299,0.014243203899782121,5.350450209124287e-07
component_baselines,Gated ReGraph/BNT+CLIP - MindLink-style subject-adversarial ReGraph,AUROC,8,0.2723414812511213,0.12296064058785634,0.18538327795982767,0.3398728403517798,0.00041820769648032873
component_baselines,Gated ReGraph/BNT+CLIP - MindLink-style subject-adversarial ReGraph,AUPRC,8,0.2589661351180384,0.11628257978863635,0.17415918944963232,0.32303290136373086,0.0004045450283012408
component_baselines,Gated ReGraph/BNT+CLIP - MindLink-style subject-adversarial ReGraph,R@5,8,0.07688006255620398,0.04529737273721104,0.048284274661430246,0.10697706431044611,0.0019651720941376146
component_baselines,Gated ReGraph/BNT+CLIP - MindLink-style subject-adversarial ReGraph,MRR,8,0.05364779042885909,0.031194453477877228,0.033104132962642016,0.07356979539093803,0.0018261564664023126
component_baselines,Gated ReGraph/BNT+CLIP - MindLink-style subject-adversarial ReGraph,image_R@5,8,0.07344332225459053,0.042687958847869974,0.04539309807828016,0.1002180113900302,0.0018221199720190046
component_baselines,Gated ReGraph/BNT+CLIP - MindLink-style subject-adversarial ReGraph,brain_R@5,8,0.08476602949461304,0.03977581015716416,0.058140794420189185,0.10943573070905566,0.000527536308930328
component_baselines,Gated ReGraph/BNT+CLIP - MindLink-style subject-adversarial ReGraph,brain_MRR,8,0.0614679142685238,0.028317263529624017,0.04254507708415695,0.07898077884868171,0.0004723159127012966
