nsdId,mean_same_image_similarity,std_same_image_similarity,n_pairs
40979,0.895431324839592,0.04445748254742164,12
6222,0.8970784842967987,0.04357658025194139,12
27972,0.8977291285991669,0.030863714675589664,12
53858,0.9016974121332169,0.02184368538760447,12
26780,0.9026376406351725,0.03923624582011889,12
34186,0.9031593551238378,0.03250102420105444,12
46642,0.9031927833954493,0.04835357635060763,12
62015,0.903379554549853,0.03307708871340259,24
56471,0.9034955352544785,0.016782072969533445,12
62275,0.9036128256056044,0.05632994703118992,18
41778,0.9038763244946798,0.0629144146814465,12
22845,0.9039554844299952,0.013549218711594611,12
8204,0.9041831543048223,0.030237727295516062,12
2950,0.9045185248057047,0.029989552501120627,12
51062,0.9045241475105286,0.024701882771721816,12
57681,0.9048562794923782,0.03633477898805021,12
58187,0.9061197688182195,0.05768541562157756,12
4058,0.9061771664354537,0.058540898473251675,18
53270,0.9068748503923416,0.03511987655026517,12
4612,0.9073089758555094,0.04506746158375761,12
9722,0.9077895432710648,0.024588516764838097,12
25602,0.9077944755554199,0.03052636290785515,12
11487,0.908003588517507,0.021129656664705218,12
5459,0.908340593179067,0.022305525848511455,12
12634,0.9084884921709696,0.024279764573574655,12
57060,0.9085971216360728,0.021732285022030215,12
43465,0.9087953120470047,0.025661947892922955,12
3181,0.9090840766827265,0.021502369790755323,12
34603,0.9096560825904211,0.021865691666051672,12
33289,0.9099913934866587,0.03111510436449972,12
47033,0.9103587915500005,0.03023216279601079,12
34874,0.9108608315388361,0.03151826529806269,12
10046,0.9108766118685404,0.04652266484663408,24
52892,0.9109368920326233,0.03417718653720445,12
33189,0.9109685172637304,0.021214085249806475,12
65187,0.9114537934462229,0.032977876038952594,12
13720,0.9114552868737115,0.026441853190351212,18
15819,0.9116068507234255,0.048035933454182556,24
37436,0.9117078185081482,0.02050371730841427,12
20223,0.911734809478124,0.029960929354191954,12
14121,0.9118827631076177,0.022526580887687688,12
61513,0.9120326439539591,0.02109057363612457,12
4436,0.9125316639741262,0.03305505487085687,12
20307,0.9127620309591293,0.01643067486931529,12
46523,0.9128095358610153,0.024580838074113914,12
7409,0.912864496310552,0.011970733406781587,12
21526,0.9129612843195597,0.027041994735509972,12
9847,0.9134432822465897,0.03517804437230348,12
55969,0.9136264870564142,0.023217848768982738,12
8465,0.9139539251724879,0.02170528196087184,12
41934,0.9141762008269628,0.02531835069846739,12
12798,0.9142404894034067,0.02206680617337903,12
27242,0.9143607268730799,0.0333972688705372,24
64483,0.9145048062006632,0.026832273844158285,12
71229,0.9145446916421255,0.026761803477389594,12
37927,0.9145973771810532,0.022848025404396587,12
22155,0.9146586457888285,0.020124254569275708,12
27580,0.9149242838223776,0.019021110606097128,12
25693,0.9149567087491354,0.021700343854762598,12
26119,0.9149594306945801,0.027509975397488777,12
48617,0.9151050051053365,0.05534120570719576,12
29980,0.915371889869372,0.02148345061716494,12
42126,0.915373628338178,0.0305222387033697,12
54389,0.915420005718867,0.03835401009979385,12
30601,0.9154492815335592,0.029931624148749173,12
41482,0.915683517853419,0.035772549247428946,12
65010,0.9158545682827631,0.02849694177171594,12
27830,0.9158718337615331,0.014766548831279898,12
41056,0.9159447782569461,0.03196846878627033,18
7954,0.9161348972055647,0.02170632982744716,18
18505,0.9162047207355499,0.025469408318530975,12
26598,0.9166258722543716,0.023535258763664448,12
54959,0.9169027854998907,0.01863875910401028,12
34089,0.917116234699885,0.02503700640788024,12
54698,0.9172431892818875,0.01838644047340724,18
22782,0.9172528435786566,0.021142225138817805,12
27287,0.9173034032185873,0.013593158631524509,12
43250,0.9175954560438792,0.023441098975040257,12
51745,0.9176245431105295,0.014723158247812992,12
54643,0.9176580558220545,0.016259164271559344,12
53157,0.9176906148592631,0.014100170896430482,12
4690,0.9177718882759412,0.029533250019094553,24
17942,0.9178264935811361,0.013998197739419816,12
25581,0.9181617101033529,0.02790059803157422,24
38310,0.9181695878505707,0.0206833012867555,12
26307,0.9181963553031286,0.030871808888659303,12
57478,0.9183243711789449,0.025380088637273354,12
13653,0.9183819691340128,0.031542274000464644,12
26435,0.9188695897658666,0.025874282100669527,24
19690,0.9190804908672968,0.01990917696534917,12
43852,0.9190961122512817,0.017216107335143695,12
46274,0.9191098146968417,0.036514753717996555,18
28595,0.9191229616602262,0.0510151900959155,24
51988,0.9191704243421555,0.01247926397210093,12
55678,0.9192173754175504,0.028556865664283688,24
52527,0.9192260007063547,0.02724587361119079,12
24264,0.9193916718165079,0.02187231624029474,12
63081,0.9194414714972178,0.019911808983852836,18
4156,0.9195457448561987,0.016229000456999758,12
27326,0.9195571392774582,0.029483653326762248,24
18543,0.9195818131168684,0.03194959666797781,24
40423,0.9195882106820742,0.02929155901067955,24
58096,0.9195971786975861,0.018904337646855684,12
28024,0.919614757100741,0.017090989673874707,12
43107,0.9196645021438599,0.014703544112175495,12
22495,0.9196780001123747,0.03226429285323439,24
28788,0.9197190039687686,0.02147750787766961,18
45843,0.9198527236779531,0.025014535411102237,24
40235,0.9199009984731674,0.02223484387308029,12
22585,0.9199211994806925,0.02679038367518545,12
23492,0.9200028677781423,0.01621304057745828,12
63944,0.9200655685530769,0.02361707640014923,18
22873,0.920073077082634,0.024206321729394506,12
16466,0.9200970778862635,0.019614298041839215,12
58164,0.9202093134323756,0.024791443751457837,12
11159,0.9202270855506262,0.034426453707712905,24
72510,0.9202708701292673,0.011990780033536848,12
30373,0.9202734629313151,0.016381449437941363,12
43157,0.9202776451905569,0.01360815267833105,12
31233,0.9203583722313246,0.02560342027299314,24
60094,0.9204231848319372,0.024696400155839963,24
31659,0.9204882209499677,0.029997063025045546,24
56066,0.9205274830261866,0.013713716100021804,12
17776,0.9205596215195126,0.02781837411400597,18
49969,0.9206618070602417,0.020491682543919153,12
43746,0.9207548201084137,0.02263186023999622,18
48393,0.9207819700241089,0.024198308841409444,12
12685,0.9210354950692918,0.01999075566606618,18
48839,0.9210871110359827,0.016864503676383088,12
43619,0.9210883056124052,0.024279292890201344,24
67113,0.9210962653160095,0.015902771346706597,12
46036,0.9211274633804957,0.028038861157523815,12
34418,0.921170304218928,0.013863852466935573,12
7840,0.9211732223629951,0.03216406753183827,24
69502,0.9211947520573934,0.027579255535404867,12
20206,0.9212464118997256,0.02701699171049819,24
18796,0.92126421795951,0.02111084856242115,18
42007,0.9213415011763573,0.03422766344511767,24
14931,0.9214022308588028,0.016335735212587167,12
9230,0.9214813113212585,0.018231717072945124,12
18690,0.9215119249290891,0.014595484110724718,18
61177,0.9215471868713697,0.04541425574667975,24
46835,0.921659615304735,0.018164857888180765,18
56454,0.9216658704810672,0.01997907167734626,18
23871,0.9216851194699606,0.01659122360144264,12
64004,0.9217851956685384,0.014007303389978175,12
64615,0.9217978964249293,0.017278791313214276,12
3729,0.9218437870343527,0.02184599613532037,12
4667,0.9219268436233202,0.02749824613704216,24
44138,0.9219510902961096,0.022937908141410737,12
10107,0.9220151255528132,0.03059698792724012,24
16063,0.9220581319597032,0.029471437178137053,18
25881,0.9220830649137497,0.02132282853387098,12
32716,0.9221435387929281,0.01846882915936066,12
51171,0.9221987227598826,0.017765902537109128,18
32303,0.9222004264593124,0.01907530111752581,12
24739,0.9223523338635763,0.025367712148470844,12
54361,0.9223643665512403,0.027432038465684823,24
40153,0.9224356214205424,0.019341716912170286,12
2990,0.9224779158830643,0.022498018266489263,12
72080,0.9224951797061496,0.0152384323893889,18
56269,0.9225129360953966,0.02374141090911877,24
42642,0.9225875437259674,0.020535926154727012,12
33543,0.9226438651482264,0.024664499839723523,24
44705,0.9226915587981542,0.023206700892184535,24
14820,0.9226920629541079,0.04694872564040307,24
43159,0.9227256799737612,0.026036351584431218,24
53511,0.9227419296900431,0.02159131929554275,12
71894,0.9227867722511292,0.024328183040413086,24
15492,0.9227917740742365,0.01346337250701779,12
69831,0.9228172401587168,0.026208239074047943,18
18483,0.9228874891996384,0.02213935305661545,12
7859,0.9228925506273905,0.02082437370796203,24
8225,0.9228964149951935,0.02297814631905248,24
38022,0.9229839319984118,0.03764417766234271,24
53773,0.9229896490772566,0.02136748026066856,24
68339,0.9230136622985204,0.022366109498918502,24
36569,0.9230805238087972,0.011947271105387177,12
40924,0.9231248249610265,0.021725360277764647,24
42299,0.9233098030090332,0.014690579825713635,12
31747,0.923339364429315,0.02598559106122523,24
46861,0.923452561100324,0.009215910473537444,12
6514,0.9235080579916636,0.01486663268417508,12
56948,0.9235167652368546,0.03013796264264632,24
67204,0.9235704839229584,0.02468443893060739,24
5583,0.9236548220117887,0.025952460792912246,24
24214,0.923656572898229,0.02755398208837741,24
67237,0.9237190037965775,0.024375676011572957,24
4051,0.9237381021181742,0.02126416060989621,24
43818,0.9237735892335573,0.023343921840509624,24
17450,0.9238607949680753,0.026858563580938556,18
19200,0.9238743732372919,0.018535233421314867,12
28286,0.9239313867357042,0.021148506620370974,18
69614,0.9239914491772652,0.020672402394504776,24
18268,0.9239930957555771,0.011403144493770936,12
56314,0.9240338057279587,0.026469589224864466,24
28325,0.9240416437387466,0.012143641552852186,12
17238,0.9241346021493276,0.022076881407489674,12
55005,0.9241705561677614,0.02624069263791608,24
21989,0.9242307643095652,0.01995918479785393,12
61972,0.9242394218842188,0.02334974156671481,12
10610,0.9242713004350662,0.017187153049957916,12
4249,0.9242751623193423,0.02781962473850932,24
22143,0.9242980231841406,0.019093321394003555,12
17595,0.9243516127268473,0.02447083681751782,18
35743,0.9243627314766248,0.027167651344868825,24
22387,0.9244549870491028,0.020409475172679614,18
24649,0.9244673848152161,0.020452275134473567,12
19292,0.9244792312383652,0.02652504964073376,12
63746,0.9245015134414037,0.0166940061265824,12
28745,0.9245017369588217,0.023094624800693696,18
7366,0.9245361362894376,0.01736246112206379,24
18434,0.924550287425518,0.026022820245561188,24
21508,0.924574280778567,0.01969038473746237,12
30407,0.9245915040373802,0.018932539754394778,24
26292,0.92463485399882,0.011407612475932041,12
66773,0.9246982013185819,0.028710028976132295,24
43164,0.9247273330887159,0.026221608379213463,24
63182,0.9247795194387436,0.02229090612111553,24
56681,0.9248443841934204,0.016311268579168026,24
30081,0.9248531758785248,0.02766340406518786,24
25746,0.9248551279306412,0.024187776569564508,24
34068,0.9248838159773085,0.022494805372792286,18
24638,0.9248912632465363,0.017456600960412644,12
61752,0.9249029159545898,0.02130279137266076,12
59631,0.9249113400777181,0.012810499128202672,12
47321,0.9249224563439687,0.012893974868138156,12
54683,0.9249386390050253,0.017935383607550467,12
70095,0.9249970192710558,0.01548523418508866,24
36759,0.9250744034846624,0.021781086866849243,12
12937,0.9251197328170141,0.018178776473277525,12
23729,0.9251338243484497,0.022268822781813878,24
34829,0.925142931441466,0.029986865616534547,24
26990,0.9251666069030762,0.018836096803920312,24
3951,0.9252101133267084,0.015320197305084403,12
53727,0.9252476120988528,0.021675682697261087,24
62209,0.9252846340338389,0.02908603046204744,24
27878,0.9253635952870051,0.023112809887003576,24
42946,0.9253726303577423,0.02196061899078067,24
40721,0.9253770137826601,0.02117874008316148,24
67802,0.9253774384657542,0.02371982623624352,24
51788,0.9254003688693047,0.028197504747517185,24
33171,0.9254200210173925,0.031744700085597835,24
56751,0.9254715243975321,0.015516294957110629,12
5338,0.925471896926562,0.025908981251684685,24
40840,0.9254824096957842,0.030119663498535402,24
14793,0.925500214099884,0.022671143137666022,24
26372,0.9255153636137644,0.01694124633261906,12
70335,0.9255224019289017,0.01161512033020178,12
3386,0.9255388147301145,0.017006164131705005,18
30672,0.925564780831337,0.026694102694149104,24
55933,0.9255940218766531,0.022774222910002015,12
56154,0.9256199647982916,0.018218717760355458,24
60845,0.9256210550665855,0.02518664992070694,24
4835,0.9256666029493014,0.022501451518906947,24
3449,0.925674170255661,0.03135995752308854,24
7120,0.9256963307658831,0.025127942448605466,24
29919,0.9257536182800928,0.01971088193826324,12
48157,0.9257579743862152,0.020367736148304838,24
43445,0.9257917553186417,0.02251783963366542,24
64096,0.9258346491389804,0.020039765222249747,18
71410,0.9259161104758581,0.02099670074728829,24
52596,0.9259249369303385,0.023290497818007027,12
47687,0.9259397784868876,0.03020460313294508,24
29021,0.9259544511636099,0.016203097214944867,12
11689,0.9259645839532217,0.01468387677467781,24
43820,0.9260401502251625,0.026895539487833717,24
8387,0.9261133869489034,0.01771291146572705,18
30847,0.9261175245046616,0.023307628902436785,12
65069,0.9261797989408175,0.02244143722038366,24
3049,0.9261883248885473,0.020905497875281977,24
42171,0.9262064173817635,0.028062304499118083,24
64621,0.9262066980202993,0.020902812267230002,18
3146,0.9263215015331904,0.02376534881261054,12
65376,0.9263591219981512,0.014938175264736953,24
24846,0.9263777062296867,0.029563187257413172,24
46321,0.9264130194981893,0.016390704204324258,18
59284,0.9264195238550504,0.021266347307988508,24
65686,0.9264295895894369,0.016932798579690808,24
9048,0.9264300440748533,0.01599277055992065,24
68311,0.9264644831418991,0.03528471478827203,24
60505,0.9264720852176348,0.025749994950626527,24
38794,0.9265165900190672,0.02217576112481533,24
16344,0.9265578215320905,0.018974915066108353,24
66946,0.9265598729252815,0.0273288424827093,24
49731,0.9265824680527052,0.01803782035778083,24
35752,0.9265888507167498,0.02739781674310741,24
69214,0.9266028131047884,0.03154437140302533,24
12922,0.9266389509042104,0.03091566595302359,24
70505,0.9266400213042895,0.013443574251069353,24
72719,0.9266451199849447,0.020079661147676703,24
53155,0.9266720240314802,0.019363488799646215,24
67045,0.9266722748676935,0.017798548164209047,12
32891,0.9266776119669279,0.022037892650105126,24
7418,0.9267241723007626,0.01755210054063325,18
64880,0.9267333274086317,0.021460939936668495,24
8415,0.9267500092585882,0.018165068625546944,12
39997,0.9267551476756731,0.01981985389804938,24
38246,0.9267973651488622,0.033276759308680244,24
40909,0.9268027544021606,0.022480309195805095,24
68858,0.9268326535820961,0.023235340438131434,24
52554,0.9268807445963224,0.021241440790491048,24
55526,0.926909069220225,0.02209211107196653,24
3809,0.9269782677292824,0.028528044566360978,24
49076,0.9270222634077072,0.014731727613087348,12
25588,0.9271013389031092,0.023422804022395872,24
43689,0.9271031444271406,0.02306303357769571,24
32910,0.92711274822553,0.020840224187209853,24
7948,0.9271298183335198,0.017869182245040596,18
26895,0.9271321296691895,0.019492780625240277,24
65920,0.9271851778030396,0.01613752288673036,24
48681,0.9271920820077261,0.026445793844922363,24
72312,0.9272389784455299,0.03425675411674507,24
59817,0.9272454033295313,0.02810759428960489,24
51185,0.9272504995266596,0.021226226364315013,24
21108,0.9272778754432996,0.028941681013253312,24
56867,0.9272903526822726,0.025019841492479083,24
56850,0.9272982701659203,0.023654841247436366,24
9147,0.9273018663128217,0.033750540706596235,24
68842,0.9273157318433126,0.01695601288418243,24
45837,0.9273255864779154,0.020505214457244483,12
35798,0.9274219845732053,0.03508772547230929,24
30887,0.9274260699748993,0.015736833969594646,12
36258,0.9274357689751519,0.01664798965083371,18
5542,0.9274913147091866,0.02054925868781289,24
67829,0.9274950101971626,0.019574222735320425,24
56290,0.9275167187054952,0.02078176874311003,12
25268,0.9275528863072395,0.02058355193655853,24
49979,0.9275603393713633,0.023314496092364276,24
13230,0.9275641043980917,0.018341000896128598,18
69918,0.9275733530521393,0.016049531551191504,12
50170,0.9275884057084719,0.019753495873375354,24
5602,0.9275914852817854,0.021117917366477595,24
33131,0.9276172320048014,0.022798737907579848,12
55163,0.9276222288608551,0.023578218615963417,24
36945,0.9276433984438578,0.0218875287636301,24
19199,0.9277299220363299,0.02690640971553494,24
28751,0.9277887120842934,0.03494180844224964,24
60867,0.9278065264225006,0.02245477775092685,18
47070,0.9278385465343794,0.02348680299889773,24
47290,0.9278611292441686,0.018821506636103973,24
37059,0.9278692901134491,0.028502390621708583,24
65267,0.9279082914193472,0.018023731357602633,24
54078,0.9279191518823305,0.020250697973347543,24
16252,0.9279215857386589,0.022324227351764533,24
26458,0.9279504716396332,0.018238736020105725,24
3157,0.9279656807581583,0.02381358833908994,24
15364,0.927978957692782,0.01989519551021371,24
10064,0.9279845158259074,0.018441237432736356,24
6489,0.9279974922537804,0.020251646916684407,24
26127,0.9280031157864465,0.022195129651329307,18
16616,0.9280631865064303,0.026280363308372485,24
8646,0.9280887593825659,0.030572432234770935,24
16823,0.9280911833047867,0.023157189420657757,24
48374,0.9280992647012075,0.02333892263650607,24
25578,0.9281545182069143,0.016691370856080096,24
22993,0.9281966164708138,0.019368211945450103,24
40846,0.9281991372505823,0.018656418903365935,24
46661,0.9282138496637344,0.018888388781801504,24
57650,0.9282581309477488,0.023354053097682296,24
56723,0.928264319896698,0.021557250246396997,24
8435,0.9282694707314173,0.015385043873745046,12
65253,0.9283447588483492,0.016781900987065782,24
7039,0.9283638919393221,0.016158545493860543,24
46372,0.9283829356233279,0.018736267107669704,24
71450,0.928384450574716,0.022965897369664392,24
3842,0.9283878530065218,0.019122983021676344,24
30856,0.9284032334884008,0.024418901888555514,24
48260,0.9284039090077082,0.01965462961720076,24
29886,0.9284224833051363,0.024490398786885942,24
38829,0.9284383704264959,0.018319780474484716,24
55405,0.9284703930219015,0.01952445631142007,24
22772,0.9284842809041342,0.028196995810322933,18
53370,0.9285725876688957,0.03130985911662862,24
37736,0.928580716252327,0.013779104837014243,12
14808,0.9286087354024252,0.011274437117317739,12
6444,0.9286118820309639,0.016936564668557683,24
45945,0.928616444269816,0.018600861216689715,24
72605,0.9286418805519739,0.01804719855736638,24
36731,0.9286533296108246,0.02523959909961032,24
65445,0.928661490480105,0.027891895048309686,24
46002,0.9286826550960541,0.014622553416146777,12
41653,0.9287297874689102,0.022371128821956302,24
9027,0.9287976995110512,0.025723441181761442,24
13662,0.9288197408119837,0.019018224441515245,12
38853,0.9288280134399732,0.021597973877643836,24
33521,0.9288517932097117,0.02106614427699413,24
61873,0.928856834769249,0.018276229836638482,24
30430,0.9289098232984543,0.019931255174577146,24
58144,0.9289113614294264,0.023953479798672083,18
52652,0.92891992131869,0.02323593953350346,18
24517,0.9289402514696121,0.027783942108880962,24
38358,0.9289455860853195,0.022723053255547267,24
42697,0.928958589831988,0.0286089268738344,24
21192,0.9289706870913506,0.014351934454672128,24
65821,0.9289743767844306,0.01644481102313789,18
47408,0.9289765084783236,0.027356242401693924,24
28319,0.9289825235803922,0.015262683573283016,24
42912,0.9289933641751608,0.017523743690057283,24
9917,0.9290060897668203,0.024801749883313764,24
6521,0.9290283024311066,0.025611970181129543,24
3682,0.9290446018179258,0.020873767857073858,24
61738,0.9290662656227747,0.025829647764519632,24
36682,0.9290682640340593,0.026232682342306413,18
8843,0.9290689362419976,0.016969444497177348,18
25091,0.9290714934468269,0.019732154808532132,24
53570,0.9290766144792239,0.01950185647195646,24
17048,0.9291315202911695,0.02015128927321022,24
45213,0.9291395594676336,0.02058750156191768,24
69240,0.9291568721334139,0.02109596557408379,24
11952,0.9291571925083796,0.0247109656802329,24
25287,0.929183155298233,0.014198715480216294,12
57435,0.9291969860593478,0.016271546268835143,24
14898,0.9291998669505119,0.02314608589881411,24
42166,0.9292484521865845,0.021681157057452986,24
68471,0.9292504092057546,0.016180392414056843,18
56784,0.9292708858847618,0.021096070050119757,24
43984,0.9292993744214376,0.018792159363823828,24
57906,0.9293102920055389,0.02002474261160518,12
62228,0.929313118259112,0.024378520315649143,24
5714,0.9293165256579717,0.02005489919648463,12
34126,0.929316888252894,0.014761103061601914,24
46380,0.9293801883856455,0.030420182636079977,24
22587,0.9293828705946604,0.02572682176632567,24
50811,0.9293894916772842,0.02549718430791976,24
20080,0.9294397657116255,0.02190934220701961,24
41162,0.9294488951563835,0.020616704248908525,24
69813,0.9294604609409968,0.024393246565178703,24
67295,0.9294698139031728,0.024462441799514838,24
55649,0.9294973040620486,0.01979863432070819,24
35790,0.9295615951220194,0.02022248437421086,18
48379,0.9295675588978661,0.02355311367293674,18
69130,0.9295684496561686,0.013247497169898438,12
12308,0.9295971840620041,0.023456974844349672,24
47293,0.9295981725056967,0.02817954079198667,24
32232,0.9296464025974274,0.01593814951206383,24
4768,0.9296589990456899,0.019130178450719897,12
16917,0.9296867077549299,0.03155753156197318,24
28303,0.9297020965152316,0.01787321327392101,18
14594,0.9297258804241816,0.025762919636869688,24
53152,0.9297399371862411,0.022703422758074163,24
52070,0.9297447552283605,0.020285383099145425,24
61510,0.9297555908560753,0.019723852679208495,24
6801,0.9297580718994141,0.017265116623660724,24
38641,0.9297866299748421,0.019025042381134005,24
15506,0.929807203511397,0.02739454917445287,24
46460,0.9298388759295145,0.018514284987069352,24
49480,0.9298480699459711,0.018953346539440648,24
31028,0.929873468975226,0.02285440585577411,24
22515,0.9298877492547035,0.026784287664197066,24
3171,0.9299505725502968,0.021797229189354995,24
37221,0.9299566100041071,0.027448339595768114,24
12796,0.9300297771890959,0.017980001499146036,24
38486,0.9300434241692225,0.016365821385247597,24
38978,0.9300437122583389,0.02144818626905703,24
8006,0.9301035553216934,0.024677291380356046,24
20054,0.9301037713885307,0.01905262683009363,24
54257,0.9301085844635963,0.02416376879812769,24
62561,0.9302015056212743,0.01608556397030041,12
60251,0.9302670831481615,0.014762956504613668,24
55669,0.9302807624141375,0.019695712044643467,24
28189,0.9303210029999415,0.02296955269787019,24
44971,0.9303367187579473,0.020143625579602222,24
44980,0.9303552905718485,0.025649146916859725,24
62302,0.9303578188021978,0.014682782705741844,24
42781,0.9303799569606781,0.01692122387883022,24
48622,0.9303800414005915,0.016025901182567588,12
50653,0.9303802326321602,0.021966856850017796,24
65148,0.9303811366359392,0.021912606763144965,24
49944,0.9303841814398766,0.025521535955536735,24
66216,0.9303852319717407,0.02240628745440974,24
16723,0.9303957720597585,0.020807850510690017,18
20820,0.9303988367319107,0.01913971936326923,24
38025,0.9304401377836863,0.022586616365877957,24
22886,0.9304464956124624,0.019756378240546685,18
3687,0.930462176601092,0.019001135909705515,24
62006,0.9304793799916903,0.018093983069817875,24
23036,0.9304874415198962,0.020212158378235683,24
48530,0.9304939384261767,0.020116710890176637,24
10244,0.930508258442084,0.01698087680973626,24
40770,0.9305357560515404,0.01473653560791275,24
69854,0.9305378446976343,0.02225529651574265,24
41097,0.9305772508184115,0.020385778124530976,24
22523,0.9306080689032873,0.019008526858335015,24
4129,0.9306093023882972,0.013604143826587645,18
20650,0.9306452944874763,0.017543246460670264,24
3847,0.9306804090738297,0.024545047350715703,24
53881,0.9306886494159698,0.014781192324035668,24
25284,0.9307086989283562,0.025053265997146582,24
25741,0.9307097991307577,0.020504759818022213,24
22794,0.9307410642504692,0.017580393670948876,24
42563,0.9307873124877611,0.027353198289639884,24
6558,0.9307953748438094,0.020487581070894063,18
41814,0.9308213392893473,0.02667046416176542,24
3489,0.9308281416694323,0.01768087202893717,24
17549,0.9308426305651665,0.021475983347526848,24
31964,0.9308901429176331,0.02051986294749384,24
66489,0.9309364433089892,0.01561060051049894,24
68814,0.9309512426455816,0.023273496025008285,24
49957,0.9309589117765427,0.013352808761895256,12
44844,0.931021881600221,0.026043083642572334,24
19436,0.931038369735082,0.019629474246631105,24
25319,0.9310457284251848,0.016321029245318537,24
21194,0.9310638631383578,0.01696568174409155,24
8394,0.9310672730207443,0.01925061992252919,24
4892,0.9311178798476855,0.01752833805547362,24
59595,0.9311346461375555,0.019979374147993716,12
22967,0.9311394070585569,0.023666800310231464,24
54913,0.9311446845531464,0.018768014475233224,24
32307,0.9311479181051254,0.020676942159708226,24
64498,0.9311693360408148,0.01599577678382445,24
21279,0.9312096039454142,0.015630751625296663,24
5106,0.9312481151686774,0.018789099883489282,18
61797,0.931292342642943,0.014763060843869963,24
22530,0.931304415067037,0.010669258537214371,24
64295,0.9313870221376419,0.018102906524743282,24
39841,0.9313935339450836,0.017030620575032438,24
35986,0.9314202641447386,0.021397366846356486,24
65872,0.9315509001413981,0.01816599679373324,24
45632,0.9315538431207339,0.013741476035365208,24
27275,0.9315550575653712,0.021209799759805383,24
13312,0.931572658320268,0.01858590821664644,24
45750,0.9315792694687843,0.01735577426090077,24
3434,0.93158691128095,0.014950019080808879,24
24202,0.9316206549604734,0.02282536253616323,24
59994,0.9316495532790819,0.02248901018601914,24
57046,0.9316838458180428,0.02148043929713566,24
5204,0.9316842878858248,0.016201038909876394,24
11333,0.931710255642732,0.029363844868778327,24
68168,0.9317418113350868,0.015643672821371926,24
70427,0.9317423179745674,0.020432606239560516,24
34850,0.9317807902892431,0.02407908207524497,24
66464,0.9318203230698904,0.017014629435639753,24
26909,0.931823139389356,0.01561376474628934,24
25111,0.9318845743934313,0.021474891840467213,24
59194,0.9319362988074621,0.028588003623163567,24
60553,0.9319600562254587,0.020227440926836725,24
6199,0.931988425552845,0.01938635937321144,24
69839,0.9319957296053568,0.02363065331546954,24
70193,0.9320269549886385,0.02138451071549385,24
17485,0.9320574005444845,0.023420132185197097,24
50755,0.9320628767212232,0.020445039762372115,24
63825,0.9320735062162081,0.016062393762440955,24
36978,0.9320920010407766,0.020435020521896947,24
15003,0.9320976502365537,0.013730204041545882,18
62683,0.9321140001217524,0.016663871712054797,24
46806,0.9321195607384046,0.025029150736968913,24
14644,0.9321276595195135,0.01989637494794502,12
61133,0.9321281959613165,0.01917784186481461,24
20265,0.9321795180439949,0.020537336009328715,24
36576,0.9322133660316467,0.016013543197587906,24
33245,0.9322214275598526,0.018694001594971345,24
32625,0.9322520717978477,0.020359352983909968,24
48422,0.932303860783577,0.009989007495565442,24
55107,0.9323186228672663,0.022914456379368713,24
5301,0.9323265105485916,0.023061396283743634,24
21950,0.9323315670092901,0.024953477862450845,24
25318,0.9323362335562706,0.01744415832160724,24
42851,0.9323632046580315,0.012165935726451171,24
28524,0.9323708315690359,0.02151027245343169,24
7007,0.9323849231004715,0.015165887713306642,24
46160,0.932385547293557,0.018628172786915344,18
11796,0.9324169109265009,0.01867355565988033,24
26720,0.9324237878123919,0.019196352845699878,24
47099,0.9324448274241554,0.014557077129422336,18
22138,0.9324524833096398,0.013269957074117624,18
43428,0.9324629555145899,0.019351344705568867,24
24530,0.9324688787261645,0.018080651380464684,24
7654,0.9324790388345718,0.030939873132465653,24
56911,0.932494988044103,0.014816850361990404,24
24560,0.9325383131702741,0.01607368366765701,24
26351,0.9325666551788648,0.027405423100414394,24
65639,0.9325804147455428,0.013833854254258964,18
38297,0.9326257159312566,0.016640648653925023,24
61677,0.9326392809549967,0.017522727498652618,24
26163,0.9326435029506683,0.01654562392075114,24
46462,0.9327254593372345,0.015877080627174873,24
7207,0.9327472572525343,0.02179259276078156,24
59046,0.932828093568484,0.028994910657066136,24
28755,0.9328467920422554,0.023060930122263384,24
68897,0.9328655625383059,0.0287453431726879,24
10006,0.9328922207156817,0.014396999402858573,24
14179,0.9329064637422562,0.01799312051513738,24
64867,0.9329136734207472,0.024033347844779823,24
61748,0.9329209427038828,0.02134572635242146,24
30395,0.9329217150807381,0.023168637112315874,24
27568,0.9329516266783079,0.025027048821553342,24
28068,0.9329657182097435,0.0270472261818644,24
55857,0.9330142074161105,0.01810516253520007,18
70360,0.9330278808871905,0.015164624025997091,24
44720,0.9330321202675501,0.018664689330565132,24
70232,0.9331093157331148,0.017885507896517053,24
17374,0.9331108058492342,0.014460679126542303,24
43224,0.9331120848655701,0.014015369461935549,24
23715,0.9331235935290655,0.016261870050122414,24
48508,0.9332280879219373,0.020028265400759297,24
25250,0.9332830632726351,0.021215328721366226,24
48802,0.933285209039847,0.01749412312585359,24
39369,0.9333068231741587,0.018248991718189604,24
31936,0.9333104640245438,0.019215660229261074,24
9865,0.9333639343579611,0.01374844947714307,12
61809,0.9333779985706011,0.03224175501458926,24
59585,0.9334162697196007,0.01930292135023596,24
68741,0.9334282378355662,0.015936540803253556,24
71753,0.9334845418731371,0.014379275555101564,24
11844,0.9334923848509789,0.021242011243865808,24
40935,0.9334962194164594,0.013649513224151765,24
36974,0.9335029895106951,0.017036860876555173,24
43950,0.9335600261886915,0.015821390201319802,24
3913,0.9335749670863152,0.015243330843341934,24
60305,0.933579720556736,0.019345587981775002,24
65943,0.9336079607407252,0.015942585728063285,24
57553,0.9336158782243729,0.022407564250848895,24
50114,0.9336223403612772,0.012213052620790248,24
72209,0.9336405967672666,0.01913132775121243,24
28096,0.9336503470937411,0.015271555947005166,24
15939,0.933660700917244,0.0179431201935278,24
42473,0.9336786617835363,0.015826679451260373,24
53052,0.9336910595496496,0.025794125747673972,24
10507,0.9337012966473898,0.01532772173184178,18
11837,0.9337107017636299,0.021330605618208362,24
56042,0.9337738653024038,0.018988187609839325,18
17463,0.9338318076398637,0.01572119697008561,18
23241,0.9338561470309893,0.020146980774762083,24
61122,0.9338924214243889,0.01676496027414913,24
61216,0.9339431673288345,0.013051148208083823,12
37494,0.9339946607748667,0.01448819705769068,24
50882,0.9340838541587194,0.015467586853942611,24
28418,0.934132284588284,0.017448058877070276,18
22879,0.934150459865729,0.020506811052296788,24
38494,0.9342379942536354,0.020704795653002456,24
33813,0.9342566877603531,0.018160682659328707,12
51077,0.934274693330129,0.01740724284132574,24
11521,0.9342797175049782,0.017322103937051195,24
41137,0.9343027770519257,0.015166119846792885,24
72015,0.9343341241280237,0.015569685889597739,24
72948,0.9343431890010834,0.015755672873995038,24
31837,0.9343994657198588,0.015039583884201369,24
22957,0.9344805280367533,0.01384958643111673,24
16702,0.9344809452692667,0.01400908469331239,24
60186,0.9344823732972145,0.025871178703891117,24
29711,0.9345236122608185,0.016700561667191537,24
21253,0.9345638404289881,0.018119967414784336,24
11725,0.9345644190907478,0.026463590936796875,24
5034,0.9345809270938238,0.014511369402966533,24
8109,0.9345968688527743,0.018737515619640717,24
52302,0.9346257282627953,0.01084851562677598,18
11932,0.9346462016304334,0.02136363867090945,24
66278,0.9346578121185303,0.018070947656486105,24
7480,0.9346875747044882,0.010622262448746063,12
58404,0.9347207620739937,0.01591455311610018,24
7944,0.9347227240602175,0.012763836175810258,24
8807,0.93476219723622,0.016522269310904603,24
10105,0.9347831209500631,0.015528260918828515,24
10471,0.9348725825548172,0.016824845819373567,24
67168,0.9349371790885925,0.01618630132830181,12
14528,0.9349450791875521,0.021998389990769765,24
13314,0.9349808742602667,0.015997091013691327,24
3164,0.9349848379691442,0.014154348913164819,24
43675,0.9350183010101318,0.023752277528175436,24
70075,0.9350320547819138,0.020453209046809476,24
45129,0.935050534705321,0.021724730788588168,24
3077,0.9351159731547037,0.01718707458113375,24
8509,0.9351481745640436,0.015906186324929298,24
42214,0.9351510604222616,0.020358546643933283,24
38817,0.9351551234722137,0.01953781238407508,24
14610,0.9351854398846626,0.014363243603977106,24
45356,0.9352186918258667,0.015832267944772275,24
44052,0.935250091056029,0.017196223508797286,24
53891,0.9352657943964005,0.01742525088219805,24
8933,0.9352983211477598,0.018311991519277374,24
20442,0.9353078057368597,0.019362410437648095,24
66330,0.9353296260039011,0.020810518419827014,24
29837,0.9354130824406942,0.017498550215470254,24
32772,0.9354437564810117,0.013911032957102349,24
41927,0.9354496523737907,0.019750744945503627,24
36476,0.9354714304208755,0.022065166172583934,24
42980,0.9355598986148834,0.020181050186166703,24
23993,0.9355844606955847,0.014404128903632166,24
3856,0.9356913616259893,0.01552079479004044,24
68278,0.9357193211714426,0.01392300356580824,24
46150,0.9357259968916575,0.015244790724384375,24
11942,0.9357507700721422,0.01486239150152534,24
34238,0.9357913161317507,0.015542290170088765,24
59039,0.9358155081669489,0.01057698461198772,12
63931,0.9358279059330622,0.013294906332156192,24
25702,0.9359189495444298,0.01856454536390687,24
4786,0.9359384179115295,0.016088630981088124,24
59699,0.9359545210997263,0.01496156278436689,24
36623,0.935967855155468,0.017529479892674824,24
66580,0.9360591098666191,0.018654007987654833,24
52931,0.9361126696070036,0.01597665650102816,24
4423,0.9361250350872675,0.013761537601097374,24
51983,0.9361412972211838,0.016114955940598093,24
71241,0.9361454571286837,0.01742487178346372,24
49955,0.9362007230520248,0.017002509441718515,24
19074,0.936321884393692,0.018470286865838192,24
57822,0.9363324642181396,0.011232744631503672,12
25371,0.9363553822040558,0.011317217226327453,24
62544,0.9363834609587988,0.015088086819606708,24
11635,0.9364193677902222,0.012670219623742393,24
9434,0.93643585840861,0.020566262674709554,24
21218,0.9365505278110504,0.025001143489626013,24
30954,0.9365786438186964,0.022330505251860203,24
45981,0.9365812043348948,0.01829854906079327,24
39402,0.9365975136558214,0.012039405240547328,24
40548,0.9365986660122871,0.015245527876299887,24
49466,0.9366008788347244,0.016814304714302487,24
51148,0.936634528140227,0.015438195513848068,24
69007,0.9366503655910492,0.01679123286238792,24
19933,0.9367240890860558,0.013852076735646172,24
51843,0.9368021761377653,0.021000812909000924,24
39289,0.9368213564157486,0.016861790809670762,24
13613,0.9368769948681196,0.016659567766131516,24
27435,0.9369380200902621,0.012350457246028373,24
44144,0.9370101814468702,0.010460920818888223,24
17934,0.9371106997132301,0.016591974163456057,24
4930,0.9371432637174925,0.02034881899896264,24
51521,0.9371590266625086,0.018516064756067006,24
51965,0.9373388588428497,0.010428394952532137,12
50734,0.9373655815919241,0.017931973543108198,24
65769,0.9373892645041147,0.017261800038947867,24
11617,0.9373932927846909,0.013479350715846312,24
71232,0.9374022309978803,0.016629141767416162,24
45595,0.9374354009826978,0.018519225775546412,24
66004,0.937442734837532,0.011372542092028938,24
6431,0.9374472399552664,0.015062360448337744,24
47600,0.9374498178561529,0.014771384016769366,12
48679,0.9375894293189049,0.019417286317426577,24
42224,0.9376098290085793,0.017852370181122575,24
55968,0.9377020051081976,0.016343037199109286,24
28349,0.9377103919784228,0.013887237717546824,24
37224,0.9378090451161066,0.027892440358226064,24
29381,0.9378586436311404,0.0177406479515326,24
3626,0.937868428726991,0.020635801374875768,24
30632,0.9379091262817383,0.017080126442743742,24
41710,0.9380443741877874,0.014415274590383598,24
32053,0.9380788579583168,0.021413413761512984,24
52394,0.9381721864144007,0.014733539830669379,24
24640,0.9382216533025106,0.01575945988095995,24
68418,0.938231905301412,0.013392714694769832,24
36067,0.9382715051372846,0.01573272418807433,24
65799,0.9383583342035612,0.016122929005068346,24
41566,0.93838998178641,0.022042885933559207,24
62479,0.9384392433696322,0.011415812231598656,18
66976,0.9385005906224251,0.015532003158684495,24
59023,0.93856197843949,0.015532090910456245,24
30563,0.9387654190262159,0.01746955644949368,24
4869,0.9388749599456787,0.010781885372960945,18
55408,0.9389284501473109,0.018780081175396902,24
62960,0.9390014732877413,0.01759004498928884,24
41116,0.9390288516879082,0.011863201456678603,24
31801,0.9390929763515791,0.017606933603776343,24
21601,0.9391499534249306,0.01457515797575461,24
57838,0.9394508674740791,0.013802945781474594,24
13138,0.9396564116080602,0.014550310005902917,24
40575,0.9397770836949348,0.02039907585688798,24
53728,0.9397885600725809,0.015016977264474471,24
66836,0.9399306202928225,0.01139097957470111,24
36910,0.9400836726029714,0.012957495536482951,24
20738,0.9403112108508745,0.01834766922011418,24
22263,0.940663514037927,0.012690428056559315,24
20633,0.9411328112085661,0.012098024959070194,24
28159,0.9413610473275185,0.030387490764629835,24
19181,0.943283682068189,0.01311373428302985,24
67742,0.9450710415840149,0.01131839738340376,24
