checkpoint_a,checkpoint_b,pearson_corr,spearman_corr
fold_01_seed11,fold_01_seed22,0.9958532079865418,0.9909565110034259
fold_01_seed11,fold_01_seed33,0.9642868352410388,0.9371359198329167
fold_01_seed11,fold_02_seed11,0.9836395118896109,0.9697048262806464
fold_01_seed11,fold_02_seed22,0.9840591146670752,0.9665977344979783
fold_01_seed11,fold_02_seed33,0.9792441278363856,0.9656841260532733
fold_01_seed11,fold_03_seed11,0.9830875278535511,0.9728180910933465
fold_01_seed11,fold_03_seed22,0.9788029559928406,0.9642581561159295
fold_01_seed11,fold_03_seed33,0.9858393542076532,0.9737419879214378
fold_01_seed11,fold_04_seed11,0.9875301350994199,0.9733078181425352
fold_01_seed11,fold_04_seed22,0.9858142076711329,0.9769005216210377
fold_01_seed11,fold_04_seed33,0.9850276141902952,0.9670298466002037
fold_01_seed11,fold_05_seed11,0.985859572789962,0.9774746134139942
fold_01_seed11,fold_05_seed22,0.9873734679828129,0.9753531487597353
fold_01_seed11,fold_05_seed33,0.9747224479231701,0.9555521260944269
fold_01_seed11,fold_06_seed11,0.9844577092799863,0.9747461341399427
fold_01_seed11,fold_06_seed22,0.9642339420446986,0.9475848020000617
fold_01_seed11,fold_06_seed33,0.9800402314072201,0.9669681162998857
fold_01_seed11,fold_07_seed11,0.9853486464738956,0.9772482689794953
fold_01_seed11,fold_07_seed22,0.9826024664892139,0.9709620667304546
fold_01_seed11,fold_07_seed33,0.9833409243130311,0.9719929627457637
fold_01_seed11,fold_08_seed11,0.9881044400128071,0.9790261016286511
fold_01_seed11,fold_08_seed22,0.9775311945314343,0.9569678076483841
fold_01_seed11,fold_08_seed33,0.9619529749510267,0.9172546477771947
fold_01_seed22,fold_01_seed33,0.9608889652304823,0.9179007582538554
fold_01_seed22,fold_02_seed11,0.9805350792022474,0.9617477905696677
fold_01_seed22,fold_02_seed22,0.9851775239960588,0.9689949278269905
fold_01_seed22,fold_02_seed33,0.969569479585648,0.9559945265800385
fold_01_seed22,fold_03_seed11,0.9800605794413217,0.9617313291562496
fold_01_seed22,fold_03_seed22,0.9837606383309645,0.9724312478780208
fold_01_seed22,fold_03_seed33,0.9781064968415326,0.9646203072111278
fold_01_seed22,fold_04_seed11,0.9831211440754918,0.9629803388993488
fold_01_seed22,fold_04_seed22,0.9846897562926515,0.9706081463419653
fold_01_seed22,fold_04_seed33,0.9772737509235139,0.9517166167680073
fold_01_seed22,fold_05_seed11,0.978223401126115,0.9682521065464983
fold_01_seed22,fold_05_seed22,0.9832140117199722,0.9794479253474901
fold_01_seed22,fold_05_seed33,0.9702295229242643,0.9449406874697779
fold_01_seed22,fold_06_seed11,0.981895483816699,0.9688838132864184
fold_01_seed22,fold_06_seed22,0.9681707406481658,0.9472185355515087
fold_01_seed22,fold_06_seed33,0.9755626999899161,0.9543957118018045
fold_01_seed22,fold_07_seed11,0.9803683298004358,0.9708365484531414
fold_01_seed22,fold_07_seed22,0.984990781339651,0.9773696719034537
fold_01_seed22,fold_07_seed33,0.9778231215053842,0.9633857012047696
fold_01_seed22,fold_08_seed11,0.9819854108220963,0.9714867742831568
fold_01_seed22,fold_08_seed22,0.9776294561447473,0.9588197166579214
fold_01_seed22,fold_08_seed33,0.9553803756794328,0.8967478420115845
fold_01_seed33,fold_02_seed11,0.9652202652353381,0.9280430465960884
fold_01_seed33,fold_02_seed22,0.9603193726740807,0.9166105949772111
fold_01_seed33,fold_02_seed33,0.95008210237387,0.922937950759797
fold_01_seed33,fold_03_seed11,0.9784958107673994,0.9562764282848235
fold_01_seed33,fold_03_seed22,0.9652968797829634,0.9196436103994979
fold_01_seed33,fold_03_seed33,0.946884292748429,0.902548432564791
fold_01_seed33,fold_04_seed11,0.9645716268432254,0.9332469109128881
fold_01_seed33,fold_04_seed22,0.9413700055302058,0.9096227249812235
fold_01_seed33,fold_04_seed33,0.9653792790238378,0.9442801732563761
fold_01_seed33,fold_05_seed11,0.9628912162821156,0.9372532074035206
fold_01_seed33,fold_05_seed22,0.9416073104920787,0.8915275162813666
fold_01_seed33,fold_05_seed33,0.9825278699357933,0.9699352860685
fold_01_seed33,fold_06_seed11,0.9640844230495098,0.9295245738037182
fold_01_seed33,fold_06_seed22,0.9776129814179012,0.9595501918783501
fold_01_seed33,fold_06_seed33,0.9711789947702709,0.9505272796485488
fold_01_seed33,fold_07_seed11,0.9492031351430747,0.916234040145272
fold_01_seed33,fold_07_seed22,0.9458283516591427,0.9019887445085754
fold_01_seed33,fold_07_seed33,0.9614890551213203,0.9371729580131074
fold_01_seed33,fold_08_seed11,0.9619123750299722,0.936545366626542
fold_01_seed33,fold_08_seed22,0.9800354160150704,0.9610152576725619
fold_01_seed33,fold_08_seed33,0.9865569935966616,0.9792545037398273
fold_02_seed11,fold_02_seed22,0.9980946364179608,0.9954792843400515
fold_02_seed11,fold_02_seed33,0.9938922988836905,0.9984855499655338
fold_02_seed11,fold_03_seed11,0.9859457811953458,0.9747090959597517
fold_02_seed11,fold_03_seed22,0.9805551567638866,0.9612786402872516
fold_02_seed11,fold_03_seed33,0.9803800098788471,0.9661018344187577
fold_02_seed11,fold_04_seed11,0.980624185887263,0.9671409611407759
fold_02_seed11,fold_04_seed22,0.9715377709887432,0.9647869790219863
fold_02_seed11,fold_04_seed33,0.9781199916687278,0.9627375330514316
fold_02_seed11,fold_05_seed11,0.9840143579116883,0.9723509984876075
fold_02_seed11,fold_05_seed22,0.979710578301693,0.9612518904904472
fold_02_seed11,fold_05_seed33,0.9793427325087543,0.9598362089364897
fold_02_seed11,fold_06_seed11,0.9746796493955975,0.9560480261736471
fold_02_seed11,fold_06_seed22,0.9606799636067369,0.9369939401421855
fold_02_seed11,fold_06_seed33,0.9726663404578088,0.9527824932868297
fold_02_seed11,fold_07_seed11,0.9840909552500322,0.9797071926088253
fold_02_seed11,fold_07_seed22,0.9811373141300334,0.9714703128697387
fold_02_seed11,fold_07_seed33,0.9856634031974041,0.9782606459047091
fold_02_seed11,fold_08_seed11,0.9811310923681004,0.9673446711318251
fold_02_seed11,fold_08_seed22,0.9771005782794426,0.9530150107513606
fold_02_seed11,fold_08_seed33,0.9646853387400562,0.919651841106207
fold_02_seed22,fold_02_seed33,0.9891172234243961,0.9927878432461906
fold_02_seed22,fold_03_seed11,0.9841913582070898,0.9686039692583104
fold_02_seed22,fold_03_seed22,0.984449187748227,0.9683735094704569
fold_02_seed22,fold_03_seed33,0.9793878143812268,0.9613012747307015
fold_02_seed22,fold_04_seed11,0.9808988367881967,0.961632560675741
fold_02_seed22,fold_04_seed22,0.976504029792819,0.9628342438552631
fold_02_seed22,fold_04_seed33,0.9765132207227006,0.9529388767143019
fold_02_seed22,fold_05_seed11,0.9808161984965699,0.9679804932250995
fold_02_seed22,fold_05_seed22,0.9807552272914091,0.9662664485529388
fold_02_seed22,fold_05_seed33,0.9754805130252866,0.9536343714312171
fold_02_seed22,fold_06_seed11,0.9758430536704064,0.9542763665545233
fold_02_seed22,fold_06_seed22,0.9632782307542898,0.9381791619082892
fold_02_seed22,fold_06_seed33,0.9721167763828368,0.9459901025751822
fold_02_seed22,fold_07_seed11,0.9842407952025134,0.9765486589092256
fold_02_seed22,fold_07_seed22,0.9856720553446598,0.9776145354280481
fold_02_seed22,fold_07_seed33,0.9843787374789451,0.9727008035227425
fold_02_seed22,fold_08_seed11,0.9799775032725861,0.9645565192341328
fold_02_seed22,fold_08_seed22,0.9774041392998316,0.9558998734528843
fold_02_seed22,fold_08_seed33,0.9598132461925987,0.9062954617940883
fold_02_seed33,fold_03_seed11,0.9780549305082344,0.9701863226231261
fold_02_seed33,fold_03_seed22,0.9680388009821554,0.9548566313775116
fold_02_seed33,fold_03_seed33,0.984820907537401,0.9648775167957857
fold_02_seed33,fold_04_seed11,0.975852211769449,0.9633095671677109
fold_02_seed33,fold_04_seed22,0.9660145732988262,0.9608218360648991
fold_02_seed33,fold_04_seed33,0.9767948664023413,0.9603403397224194
fold_02_seed33,fold_05_seed11,0.9835821586860123,0.9685278352212516
fold_02_seed33,fold_05_seed22,0.9804049580630799,0.9561179871806743
fold_02_seed33,fold_05_seed33,0.9704383546641837,0.9546220562363036
fold_02_seed33,fold_06_seed11,0.9699341093634302,0.9521425558402007
fold_02_seed33,fold_06_seed22,0.9453441409135739,0.9298208792452443
fold_02_seed33,fold_06_seed33,0.9680323803703342,0.9497824006913794
fold_02_seed33,fold_07_seed11,0.9828536103727196,0.9776598043149479
fold_02_seed33,fold_07_seed22,0.9728653564950139,0.9671286150807121
fold_02_seed33,fold_07_seed33,0.9830219548905575,0.9766844655699249
fold_02_seed33,fold_08_seed11,0.9804584224112672,0.9634824120086011
fold_02_seed33,fold_08_seed22,0.9675129865540983,0.9459345453048961
fold_02_seed33,fold_08_seed33,0.9554858065663641,0.9154480076545572
fold_03_seed11,fold_03_seed22,0.9936731281009528,0.9826784777307941
fold_03_seed11,fold_03_seed33,0.9873773102051889,0.9788203339609246
fold_03_seed11,fold_04_seed11,0.9886581917050236,0.9789540829449468
fold_03_seed11,fold_04_seed22,0.9758139966930918,0.971206930255049
fold_03_seed11,fold_04_seed33,0.9876890605150934,0.9802771690484274
fold_03_seed11,fold_05_seed11,0.9862669207753014,0.972945667047337
fold_03_seed11,fold_05_seed22,0.9778847497569148,0.9545459221992447
fold_03_seed11,fold_05_seed33,0.9882914550577135,0.9730053396709774
fold_03_seed11,fold_06_seed11,0.9828713401125893,0.9700793234359085
fold_03_seed11,fold_06_seed22,0.9778955691758839,0.9678776093912363
fold_03_seed11,fold_06_seed33,0.9833483197900648,0.9735650277271932
fold_03_seed11,fold_07_seed11,0.9817270442915503,0.9714517937796434
fold_03_seed11,fold_07_seed22,0.9792570955781266,0.9641120610718438
fold_03_seed11,fold_07_seed33,0.9864618400841945,0.9784622982190808
fold_03_seed11,fold_08_seed11,0.9851533745355929,0.9734065866230439
fold_03_seed11,fold_08_seed22,0.9876217427424672,0.9720773274895316
fold_03_seed11,fold_08_seed33,0.980048112715081,0.9509285266006152
fold_03_seed22,fold_03_seed33,0.982355265188802,0.9756947230881611
fold_03_seed22,fold_04_seed11,0.9836747094516576,0.9650462462833214
fold_03_seed22,fold_04_seed22,0.977788682243206,0.9675792462730332
fold_03_seed22,fold_04_seed33,0.9792033634493705,0.959299155323724
fold_03_seed22,fold_05_seed11,0.9774530445194568,0.9621881333786023
fold_03_seed22,fold_05_seed22,0.9760500042348117,0.9638548514871859
fold_03_seed22,fold_05_seed33,0.978204310592025,0.9530294144881014
fold_03_seed22,fold_06_seed11,0.9801521030049345,0.9640729652149757
fold_03_seed22,fold_06_seed22,0.9781467460860914,0.9620975956048026
fold_03_seed22,fold_06_seed33,0.9774379454880713,0.9569739806784159
fold_03_seed22,fold_07_seed11,0.9783591913421006,0.9645133080239102
fold_03_seed22,fold_07_seed22,0.9839072924861525,0.9742564070907539
fold_03_seed22,fold_07_seed33,0.9807652967070416,0.9653672438449745
fold_03_seed22,fold_08_seed11,0.9792981527953778,0.9652746483944977
fold_03_seed22,fold_08_seed22,0.9847025522223811,0.967819994444273
fold_03_seed22,fold_08_seed33,0.9669614996753921,0.9149521075753366
fold_03_seed33,fold_04_seed11,0.9869311446539593,0.9723427677808987
fold_03_seed33,fold_04_seed22,0.9830331856100167,0.9786166239698756
fold_03_seed33,fold_04_seed33,0.9877324710466501,0.9688076792493596
fold_03_seed33,fold_05_seed11,0.9870705899498197,0.9686698149119829
fold_03_seed33,fold_05_seed22,0.9882594915231943,0.966830251962509
fold_03_seed33,fold_05_seed33,0.9712834781034673,0.9404796444334701
fold_03_seed33,fold_06_seed11,0.9824652937541701,0.9703221292838257
fold_03_seed33,fold_06_seed22,0.955914653401492,0.9329073942611398
fold_03_seed33,fold_06_seed33,0.9792928790377885,0.9622601520623064
fold_03_seed33,fold_07_seed11,0.9880499793565823,0.9757976069220242
fold_03_seed33,fold_07_seed22,0.9809597906018751,0.9688508904595821
fold_03_seed33,fold_07_seed33,0.9866540593717157,0.9711225655112812
fold_03_seed33,fold_08_seed11,0.9884527353495235,0.9684825663343518
fold_03_seed33,fold_08_seed22,0.9730046785857184,0.9385742358303241
fold_03_seed33,fold_08_seed33,0.958430797069637,0.9018344187577806
fold_04_seed11,fold_04_seed22,0.9931912949725051,0.9931870325215798
fold_04_seed11,fold_04_seed33,0.9985152375883058,0.9956953403911644
fold_04_seed11,fold_05_seed11,0.9863636707249228,0.9670751154871035
fold_04_seed11,fold_05_seed22,0.9838825372968188,0.9557517207321213
fold_04_seed11,fold_05_seed33,0.9796035459157938,0.9529759148944926
fold_04_seed11,fold_06_seed11,0.9883716654282474,0.9751021122051092
fold_04_seed11,fold_06_seed22,0.97343889202347,0.9552331862094509
fold_04_seed11,fold_06_seed33,0.986292958076935,0.9737522763048242
fold_04_seed11,fold_07_seed11,0.9812721407025565,0.9673364404251159
fold_04_seed11,fold_07_seed22,0.9777214341292344,0.9585789684866817
fold_04_seed11,fold_07_seed33,0.9821464532599257,0.9677891292941141
fold_04_seed11,fold_08_seed11,0.9893276328368337,0.9788223916376019
fold_04_seed11,fold_08_seed22,0.983485832496445,0.9644515777235922
fold_04_seed11,fold_08_seed33,0.9716936469713333,0.9345494202495962
fold_04_seed22,fold_04_seed33,0.9901068795860519,0.9866930049281356
fold_04_seed22,fold_05_seed11,0.9765701687013515,0.9685977962282787
fold_04_seed22,fold_05_seed22,0.9846836381278844,0.9697480374908691
fold_04_seed22,fold_05_seed33,0.962679133736429,0.9432081237075218
fold_04_seed22,fold_06_seed11,0.983510960815134,0.9756576849079703
fold_04_seed22,fold_06_seed22,0.9636406481240881,0.9468275769828286
fold_04_seed22,fold_06_seed33,0.9776457207268308,0.9685751617848287
fold_04_seed22,fold_07_seed11,0.9777867653811042,0.9719456361821867
fold_04_seed22,fold_07_seed22,0.9790767668539817,0.9680833770589626
fold_04_seed22,fold_07_seed33,0.973716366560354,0.9665318888443059
fold_04_seed22,fold_08_seed11,0.9840746406014551,0.9785116824593352
fold_04_seed22,fold_08_seed22,0.9719784882075905,0.9543483852382274
fold_04_seed22,fold_08_seed33,0.9526278016322779,0.9121577826476125
fold_04_seed33,fold_05_seed11,0.9867867338873261,0.9650771114334803
fold_04_seed33,fold_05_seed22,0.9821234986847969,0.9457040855170427
fold_04_seed33,fold_05_seed33,0.9805175207797721,0.9588423511013714
fold_04_seed33,fold_06_seed11,0.9872203532447379,0.9727213802895152
fold_04_seed33,fold_06_seed22,0.9719520482739559,0.9598876508534214
fold_04_seed33,fold_06_seed33,0.9872157748431252,0.9781001471238823
fold_04_seed33,fold_07_seed11,0.9797505785853525,0.961945327530685
fold_04_seed33,fold_07_seed22,0.9731437783746758,0.9498605924051154
fold_04_seed33,fold_07_seed33,0.9820508434833957,0.9678549749477864
fold_04_seed33,fold_08_seed11,0.9900178998505937,0.9764519481053942
fold_04_seed33,fold_08_seed22,0.9829495736003668,0.9642663868226385
fold_04_seed33,fold_08_seed33,0.9757247862488637,0.9487432739693612
fold_05_seed11,fold_05_seed22,0.9945845462180348,0.985783511836785
fold_05_seed11,fold_05_seed33,0.9920153497704928,0.9848822494521436
fold_05_seed11,fold_06_seed11,0.9791381652195273,0.9711719497515355
fold_05_seed11,fold_06_seed22,0.9614501974983319,0.9521260944267828
fold_05_seed11,fold_06_seed33,0.9777459479016203,0.9686019115816331
fold_05_seed11,fold_07_seed11,0.9871982643333755,0.9752132267456814
fold_05_seed11,fold_07_seed22,0.9797856934098611,0.9679907816084858
fold_05_seed11,fold_07_seed33,0.9884076045413229,0.9742378880006585
fold_05_seed11,fold_08_seed11,0.9909103325508025,0.9807751268043251
fold_05_seed11,fold_08_seed22,0.9828368188312233,0.9665997921746556
fold_05_seed11,fold_08_seed33,0.9724359067492948,0.9356194121217732
fold_05_seed22,fold_05_seed33,0.977672349944225,0.952823646820375
fold_05_seed22,fold_06_seed11,0.9774651108277216,0.963661429879523
fold_05_seed22,fold_06_seed22,0.9530328001166558,0.9331316810189615
fold_05_seed22,fold_06_seed33,0.9714911030533412,0.9475765712933526
fold_05_seed22,fold_07_seed11,0.988543928354837,0.9740773892198318
fold_05_seed22,fold_07_seed22,0.9852150269368889,0.9786207393232301
fold_05_seed22,fold_07_seed33,0.9845598065064743,0.9623856703396195
fold_05_seed22,fold_08_seed11,0.9894283923520788,0.9712583721719806
fold_05_seed22,fold_08_seed22,0.9749361641697742,0.9493461732357994
fold_05_seed22,fold_08_seed33,0.9542240519169485,0.8879636202763459
fold_05_seed33,fold_06_seed11,0.9738067536235381,0.954617940882949
fold_05_seed33,fold_06_seed22,0.9740690325259574,0.9666903299484552
fold_05_seed33,fold_06_seed33,0.9770567668253316,0.9649948043663897
fold_05_seed33,fold_07_seed11,0.9741759313701013,0.9533648157864955
fold_05_seed33,fold_07_seed22,0.9697559047820842,0.9460724096422729
fold_05_seed33,fold_07_seed33,0.9816707467461194,0.9652129180941799
fold_05_seed33,fold_08_seed11,0.9821202970007955,0.9664948506641151
fold_05_seed33,fold_08_seed22,0.9889206696185391,0.9773223453398766
fold_05_seed33,fold_08_seed33,0.9869357674405383,0.9685669310781196
fold_06_seed11,fold_06_seed22,0.9865667523209675,0.9746597117194975
fold_06_seed11,fold_06_seed33,0.9983899037995169,0.9941417944998302
fold_06_seed11,fold_07_seed11,0.9757597498299344,0.9680998384723807
fold_06_seed11,fold_07_seed22,0.974151085649154,0.9631902219204297
fold_06_seed11,fold_07_seed33,0.9773762165320081,0.9676553803100917
fold_06_seed11,fold_08_seed11,0.9884647839705137,0.9794417523174582
fold_06_seed11,fold_08_seed22,0.9842098456955548,0.9644124818667243
fold_06_seed11,fold_08_seed33,0.9721667713572184,0.9270800539111289
fold_06_seed22,fold_06_seed33,0.9894272627609907,0.9825303250100311
fold_06_seed22,fold_07_seed11,0.954826525766934,0.9414200026749796
fold_06_seed22,fold_07_seed22,0.959977054432293,0.9444879986007799
fold_06_seed22,fold_07_seed33,0.9628339600953583,0.9550027264215973
fold_06_seed22,fold_08_seed11,0.9711912665795968,0.9625132462936098
fold_06_seed22,fold_08_seed22,0.9866602381798502,0.9830406288259925
fold_06_seed22,fold_08_seed33,0.9801417540112748,0.9583423356687963
fold_06_seed33,fold_07_seed11,0.971851750552386,0.9605419920367911
fold_06_seed33,fold_07_seed22,0.9683815720884169,0.951035525787833
fold_06_seed33,fold_07_seed33,0.9764400934872705,0.9679167052481044
fold_06_seed33,fold_08_seed11,0.9871253243081385,0.9775898433079209
fold_06_seed33,fold_08_seed22,0.985976408554079,0.9688508904595821
fold_06_seed33,fold_08_seed33,0.9801301565833374,0.9523586118913134
fold_07_seed11,fold_07_seed22,0.996015687564711,0.9930368221241396
fold_07_seed11,fold_07_seed33,0.9982117257021056,0.995419611716411
fold_07_seed11,fold_08_seed11,0.9834489869331828,0.9671697686142577
fold_07_seed11,fold_08_seed22,0.9719452562489306,0.9456402975400474
fold_07_seed11,fold_08_seed33,0.9558265599526066,0.905505313950019
fold_07_seed22,fold_07_seed33,0.9934697858343222,0.9867465045217444
fold_07_seed22,fold_08_seed11,0.9782920178972375,0.9621593259051204
fold_07_seed22,fold_08_seed22,0.9722316750207184,0.9496280749405845
fold_07_seed22,fold_08_seed33,0.9502687373604676,0.8920563391874233
fold_07_seed33,fold_08_seed11,0.9842895102417476,0.9674578433490746
fold_07_seed33,fold_08_seed22,0.9782184899049036,0.9557908165889892
fold_07_seed33,fold_08_seed33,0.9673898937620288,0.9277652602446577
fold_08_seed11,fold_08_seed22,0.990971972203862,0.9808821259915429
fold_08_seed11,fold_08_seed33,0.9797186017157516,0.9466259246684569
fold_08_seed22,fold_08_seed33,0.9912775075036613,0.966548350257724
