table,model,n,AUROC_mean,AUROC_std,AUPRC_mean,AUPRC_std,R@5_mean,R@5_std,MRR_mean,MRR_std,graph_encoder,readout,lambda_clip,image_R@5_mean,image_R@5_std,image_MRR_mean,image_MRR_std,brain_R@5_mean,brain_R@5_std,brain_MRR_mean,brain_MRR_std,lambda_cross
table_static_baselines,raw_cosine_flat,16,0.6318904610890127,0.02544524013704515,0.6294436527212072,0.02191964013919182,0.008576713778337856,0.0014727101846006856,0.011890431467956625,0.0017698289301314072,,,,,,,,,,,,
table_static_baselines,raw_pearson_flat,16,0.6356810272314725,0.028457339560264104,0.633499258474344,0.024011914933898867,0.008576713778337856,0.0014727101846006856,0.011890431467956625,0.0017698289301314072,,,,,,,,,,,,
table_static_baselines,raw_pearson_mean_beta,16,0.5867499851394578,0.02914469302725417,0.6030773494664601,0.02569718537642036,0.008576713778337856,0.0014727101846006856,0.011890431467956625,0.0017698289301314072,,,,,,,,,,,,
table_cross_subject_seed11,regraph_vlm_v0,1,0.841770823514626,,0.8255690160827676,,0.1184466019417475,,0.0908963820233652,,bnt_token_flat,flat,0.0,0.0045307443365695,,0.0099039995274779,,0.0097087378640776,,0.0119763353777946,,
table_cross_subject_seed11,regraph_vlm_v0,7,0.808892088932186,0.052137666199469655,0.7838047688961094,0.05038882692835774,0.06967084780292172,0.02282485660665267,0.05770427200212867,0.01790019190656699,bnt_token_flat,,0.0,0.007083109751589172,0.00282737671198153,0.010193031585604157,0.00201974059003829,0.007763795724678014,0.0015219724345506946,0.010229448296351,0.0014612759156283643,
table_cross_subject_seed11,regraph_vlm_v0,8,0.8242576921747753,0.05013670921204751,0.804785332931294,0.047511386641753,0.08729201760853572,0.034027560598072895,0.0677300797002335,0.02215697977296005,bnt_token_flat,,2.0,0.08081456475602014,0.03110270661685626,0.06390697143194728,0.021629148835301606,0.09799899434416484,0.032339410101724454,0.07531006471470922,0.019621726271977634,
table_cross_subject_seed11,regraph_vlm_v0,8,0.8161575546040598,0.054921619034985374,0.7898727462403792,0.056427596880438,0.07886885428242771,0.02908011896496197,0.063456842997065,0.01925338201770394,roi_mlp,,2.0,0.0716447721261699,0.02926734248302046,0.059015095972944964,0.019684325640047323,0.08142849896596992,0.03156855328355512,0.06538833651103712,0.021233816918324863,
table_gated_allfold_seed11,regraph_vlm_v0,8,0.8270017533211945,0.05326449630503597,0.8065106047001154,0.05532799670597,0.09152739485552902,0.039941659356986646,0.07012551135922375,0.02623004723014985,bnt_token_flat,gated_flat,2.0,0.086942770411704,0.036471162568268,0.0688308561015588,0.024525692021839372,0.1008987102340477,0.032910020917780926,0.07894715634981905,0.022785070009490198,0.0
table_gated_controls_graphonly,regraph_vlm_v0,6,0.8462161604846373,0.015208924653679566,0.8193016011859248,0.021324982603058863,0.09596018488005609,0.04308248073071819,0.07588494447887857,0.027617992190552415,bnt_token_flat,gated_flat,0.0,0.009520449750873784,0.0037032640670002902,0.012329495929380851,0.003603816879560092,0.008302139752873583,0.0023341257494979848,0.011813511275360384,0.002332717768841337,0.0
table_gated_controls_shuffled,regraph_vlm_v0,2,0.8447727364936536,0.021040788300015746,0.8223787938979794,0.022780651697188892,0.09789221526527919,0.04920596125344802,0.07764488598684169,0.03323390855349342,bnt_token_flat,gated_flat,2.0,0.09487904213879515,0.04248304854597674,0.0742476853941009,0.03039754868074474,0.1161926369067234,0.05170106287683938,0.0881946100698055,0.03092066146409848,0.0
table_gated_controls_random,regraph_vlm_v0,2,0.8475143652248495,0.019563589677359113,0.8220221811586286,0.029688074994989235,0.0959449753690418,0.04829837998765982,0.07606670512766706,0.03619059112960406,bnt_token_flat,gated_flat,2.0,0.09463400001689945,0.05198307627871699,0.07440272563563365,0.03791978243140778,0.10957565464270315,0.05465144884817723,0.08392537644411895,0.033398906771739,0.0
table_heldout_image,regraph_vlm_v0,6,0.843334842249657,0.013897124784678883,0.8175319351217231,0.015341760433132883,0.28519970951343493,0.11248276821583836,0.1959642683810033,0.06267949878947202,bnt_token_flat,flat,2.0,0.21046477850399417,0.07993803955511913,0.1464763022285056,0.04438224977265949,0.22554466230936818,0.06490366660256354,0.15693212252555472,0.03849656477974724,0.0
table_heldout_image,regraph_vlm_v0,6,0.8505334170301704,0.016615443846947662,0.8301418441244932,0.014373107717449481,0.3054466230936819,0.07997776899310237,0.2158242647652866,0.05538308420408366,bnt_token_flat,gated_flat,2.0,0.23096949891067534,0.056183059168871514,0.15978382930120064,0.037181035719304215,0.24707697893972402,0.05323034329675251,0.16497536825221845,0.032562466671822006,0.0
table_heldout_image,regraph_vlm_v0,6,0.8453694452750842,0.00976238682035039,0.8190315654619161,0.01609178573842781,0.2713071895424837,0.07629390733454568,0.19377907585345297,0.050934851861581136,roi_mlp,flat,2.0,0.2097312999273783,0.038998864816474535,0.1474254154377095,0.022388190928534946,0.22844589687726938,0.04049097689519448,0.15463515666348632,0.024649495197550317,0.0
table_heldout_image_random,regraph_vlm_v0,6,0.8555509391766066,0.007753969008657734,0.8359742528091115,0.009260710891416168,0.2914705882352941,0.05677306720745839,0.20758311838544716,0.0413829892660926,bnt_token_flat,gated_flat,2.0,0.046681190994916466,0.013238112911891042,0.04774710290309997,0.009987149815232257,0.04170297748729116,0.010781988848820468,0.04381155126090769,0.008517802828374294,0.0
table_hard_negative_roi,regraph_vlm_v0,6,0.7928891786785912,0.023652862723752513,0.7601997024165214,0.029065873841103932,0.09687993780999937,0.029971246442713248,0.0754306721493427,0.021061469816619806,roi_mlp,flat,2.0,0.09379846271275706,0.03270835929245064,0.07357509220120291,0.02172749013533942,0.1077053072743711,0.021812267750644303,0.08452004282093734,0.016587872965591128,0.0
table_hard_negative_bnt_flat,regraph_vlm_v0,6,0.7934643430574493,0.026186672949427024,0.7658331096820928,0.031465540502984536,0.10884489396999215,0.04564222719201052,0.0829188017284785,0.03018182305343981,bnt_token_flat,flat,2.0,0.09936162302381973,0.041578104665758564,0.07600939609276314,0.02577754890557468,0.11894992409327369,0.027736715327013866,0.08747954839819767,0.017972350331219054,0.0
table_hard_negative_bnt_gated,regraph_vlm_v0,6,0.8030701623158425,0.02691273127720261,0.7753932730615899,0.029673436952023475,0.11441481406372782,0.04311675327983098,0.08759509768654711,0.02813567902578061,bnt_token_flat,gated_flat,2.0,0.10682878878777374,0.043411311746281676,0.08289067621057782,0.02805611682234579,0.12502626457226063,0.03524633494335986,0.09393083158431521,0.023296070449976034,0.0
table_cross_subject_infonce,regraph_vlm_v0,2,0.8563204708424446,0.01185309947672681,0.8372637906091749,0.015311266872237037,0.10645094510211489,0.04900162103429097,0.0828226032406077,0.03279056159002936,bnt_token_flat,gated_flat,2.0,0.10190921611870175,0.046271109918654275,0.07780847674800885,0.024777166889807734,0.11402612656003105,0.015404982077562324,0.08864805356844285,0.01083207297878954,0.1
table_cross_subject_infonce,regraph_vlm_v0,2,0.8330947763620534,0.04341355637833226,0.8149753919090441,0.04704238982451647,0.10416360364014295,0.05315175893565036,0.08229040241454535,0.03790527398204687,bnt_token_flat,gated_flat,2.0,0.09302136936297495,0.04785624033217382,0.0737644876598305,0.03161203635806705,0.1082245430809399,0.03550919170971612,0.0859399502514736,0.0261143393070444,0.3
table_cross_subject_infonce,regraph_vlm_v0,2,0.855632830580266,0.012787652309184092,0.834329501111623,0.015276138120718636,0.1067690773741624,0.05129775981271367,0.08129290244732254,0.03439419062791607,bnt_token_flat,gated_flat,2.0,0.10084877521187689,0.038617313990578654,0.07855873070624285,0.026229450583680536,0.12101785427598499,0.03206229485498791,0.0906939850836312,0.020863248214431435,1.0
table_architecture_ablation_gated,regraph_vlm_v0,6,0.8535219852682078,0.016286388290139057,0.8377671956125666,0.018327122540999965,0.11622066183905518,0.04308482972702362,0.08859157707487415,0.029177408284653778,bnt_token_flat,gated_flat,2.0,0.1016934663883889,0.03684380310165687,0.08029914055775897,0.02515627975968011,0.12905241929805286,0.03205701979666982,0.09371835146174518,0.018621386673951336,
table_architecture_ablation_fusion,regraph_vlm_v0,6,0.8029875611169514,0.028103260141554256,0.7622936354509563,0.032809185761031624,0.05949777631315815,0.02525961552002033,0.05163254336576268,0.017419253293296855,fusion,flat,2.0,0.06115307809520585,0.025255721436334592,0.05081595781983578,0.016590043991285938,0.06312411805960433,0.02043467874668897,0.054791543851842546,0.01429828856554651,
table_allfold_final,regraph_vlm_v0,8,0.8130019307549909,0.04965006432111883,0.7890252997944417,0.04893205796302912,0.07576781707027494,0.02727514408111825,0.06185328575478324,0.020306588897117308,bnt_token_flat,flat,0.0,0.006764064074711713,0.002768821370935601,0.010156902578338376,0.0018727065743610585,0.008006913492102962,0.0015679080915166513,0.01044780918153145,0.0014871894141766351,0.0
table_allfold_final,regraph_vlm_v0,24,0.8210453779308838,0.048113828036084404,0.8022025182831679,0.046015099288852196,0.08645276773227238,0.03179823286746948,0.06774610925525064,0.021261363321716565,bnt_token_flat,flat,2.0,0.08120809473455343,0.030515546905980344,0.06413829801314506,0.020824525305916594,0.09661043595454712,0.029940754571741245,0.07491360251584368,0.018938533671405175,0.0
table_allfold_final,regraph_vlm_v0,24,0.8259015396267949,0.05225917361328744,0.8064621423024302,0.05281083894111414,0.08993147150332022,0.03565480219737242,0.0695246085415522,0.023963588419475993,bnt_token_flat,gated_flat,2.0,0.08465813360209185,0.03178231924958892,0.06750240119109654,0.022280399579185303,0.09955717175880113,0.03097828662876127,0.07728564881384285,0.020719276315449335,0.0
table_allfold_final,regraph_vlm_v0,24,0.8164123625023264,0.05180426310142895,0.7896377850684728,0.053203657573070176,0.07822935503882868,0.027273582564533914,0.0635921680416983,0.01897029622146423,roi_mlp,flat,2.0,0.07287055041389824,0.027951663347910827,0.05927197170816806,0.01872012792517625,0.08368050275990278,0.02907927728607459,0.06681420940057113,0.019317928367185867,0.0
table_hard_negative_allfold,regraph_vlm_v0,8,0.770116865895675,0.03910029274973811,0.7442050035489114,0.03678131719688575,0.08916655875447335,0.03505700231331456,0.06986715864644283,0.024438575875656746,bnt_token_flat,gated_flat,2.0,0.08431407792223125,0.03089466013382046,0.06706918483507081,0.021780982804194174,0.10218381483768511,0.030345924277895113,0.07925850680068137,0.020741266490033397,0.0
table_hard_negative_allfold,regraph_vlm_v0,8,0.7647729382808639,0.042221396552779906,0.7346913444415655,0.03804663822914882,0.08186699969067592,0.03039965158882118,0.06563395830476518,0.020406301006775703,roi_mlp,flat,2.0,0.07396538112121549,0.031775251435182124,0.06154006499003226,0.021201852321527406,0.09221246639760458,0.029360208064439713,0.07269748398124422,0.020975093151093614,0.0
